Entry,Entry Name,Protein names,Gene Names,Organism,Length,Sequence,Protein existence,Reviewed,Annotation,Label
Q84J95,GASA5_ARATH,Gibberellin-regulated protein 5 (GAST1 protein homolog 5),GASA5 At3g02885 F13E7,Arabidopsis thaliana (Mouse-ear cress),97,MANCIRRNALFFLTLLFLLSVSNLVQAARGGGKLKPQQCNSKCSFRCSATSHKKPCMFFCLKCCKKCLCVPPGTFGNKQTCPCYNNWKTKEGRPKCP,Evidence at transcript level,reviewed,5.0,Snakins
Q948Z4,SNAK1_SOLTU,Snakin-1,SN1,Solanum tuberosum (Potato),88,MKLFLLTLLLVTLVITPSLIQTTMAGSSFCDSKCKLRCSKAGLADRCLKYCGICCEECKCVPSGTYGNKHECPCYRDKKNSKGKSKCP,Evidence at protein level,reviewed,3.0,Snakins
A0A3Q7J9H2,A0A3Q7J9H2_SOLLC,Snakin-1,LOC101254978,Solanum lycopersicum (Tomato) (Lycopersicon esculentum),89,MMKLKFSTLLLVALVLTSFLIPATIAGSEFCDSKCNFRCSKAGRQDRCLKYCGICCAECHCVPSGTSGNKDECPCYRDKKNSKGGPKCP,Inferred from homology,unreviewed,2.0,Snakins
A0A2Z4U0X9,A0A2Z4U0X9_9FABA,Snakin-like protein,,Peltophorum dubium,88,MKLVFATLLLVCLVLSASFVEVTLAGSEFCDSKCAQRCSKAGMKDRCLRFCGICCEKCKCVPSGTYGNKHECPCYRDLKNSKGKPKCP,Evidence at transcript level,unreviewed,1.0,Snakins
Q8LFM2,GASAA_ARATH,Gibberellin-regulated protein 10 (GAST1 protein homolog 10),GASA10 At5g59845 MMN10.7,Arabidopsis thaliana (Mouse-ear cress),89,MKFPAVKVLIISLLITSSLFILSTADSSPCGGKCNVRCSKAGRQDRCLKYCNICCEKCNYCVPSGTYGNKDECPCYRDMKNSKGTSKCP,Evidence at transcript level,reviewed,3.0,Snakins
G7ZXL9,G7ZXL9_MEDTR,GASA/GAST/Snakin,MTR_3g102660,Medicago truncatula (Barrel medic) (Medicago tribuloides),85,MKLAFAILLLVLSSSLLEVSFAGSDFCNSKCAVRCSKASIQDRCLKFCGICCEKCNCVPSGTYGNKDECPCYRDMKNSKGKGKCP,Inferred from homology,unreviewed,1.0,Snakins
G7K5N0,G7K5N0_MEDTR,GASA/GAST/Snakin,MTR_5g036640,Medicago truncatula (Barrel medic) (Medicago tribuloides),83,MAKFICAFLFMLVITFVIQETYVNCAPKCDYRCSKTSHRKACLTYCNLCCAKCLCVPSGTYGNKQECPCYDNWRNKNGGPKCP,Inferred from homology,unreviewed,1.0,Snakins
A0A7D5NGH5,A0A7D5NGH5_ALLCE,Snakin 1,,Allium cepa (Onion),96,MARISLLSSAILILLALSMIIDFSQAGREGSLKPSQCAAACTYRCHLKGHKKRCLFYCNHCCNKCLCVPSGTVGQHKRECPCYKNWYERDGSPKCP,Evidence at transcript level,unreviewed,1.0,Snakins
C6SY10,C6SY10_SOYBN,Snakin-1,,Glycine max (Soybean) (Glycine hispida),88,MKLEFANVLLLCLVLSSSFLEISMAGSPFCDSKCAQRCAKAGVQDRCLRFCGICCEKCNCVPSGTYGNKDECPCYRDMKNSKGKDKCP,Evidence at transcript level,unreviewed,1.0,Snakins
A0A3Q7HJR2,A0A3Q7HJR2_SOLLC,Snakin-1,,Solanum lycopersicum (Tomato) (Lycopersicon esculentum),89,MKTSFAVLFLVVILFSSSFIENAAMATSSYCDEKCSARCWKAGLKKRCLKYCGICCVACKCVPSGTYGNKSECPCYRDKLNSKGKPKCP,Inferred from homology,unreviewed,1.0,Snakins
A0A7N0R8Q5,A0A7N0R8Q5_KALFE,Snakin-1,,Kalanchoe fedtschenkoi (Lavender scallops) (South American air plant),80,MKLIKVASALESPGALQPTVDCGNECSRRCADAGVQDRCLKYCGICCRLCKCVPSGTYGNKHECACYRDKLSSKGKPKCP,Inferred from homology,unreviewed,1.0,Snakins
A0A7D5NF74,A0A7D5NF74_ALLCE,Snakin 4,,Allium cepa (Onion),89,MKRLVILTFILLFTLFSSSFLQTTIAGSAFCDSKCKVRCSKAGVQDRCLKYCGICCAKCNCVPSGTYGNKDECPCYRDMVSSKNKPKCP,Evidence at transcript level,unreviewed,1.0,Snakins
A0A453LVI8,A0A453LVI8_AEGTS,Snakin-1,,Aegilops tauschii subsp. strangulata (Goatgrass),98,MKKLHTTTATTTLALLLLLVLLAATSLRVAMAGSAFCDSKCGVRCSKAGRHDDCLKYCGICCAECNCVPSGTAGNKDECPCYRDKTTGHGARKRPKCP,Inferred from homology,unreviewed,1.0,Snakins
A0A0U2XMH8,A0A0U2XMH8_9ROSI,Snakin-1,,Dimocarpus longan,99,MKLVVTSLLVVSLVLSSSFLQSAIAYSPVQPPVAPGPAGFCDGKCAERCKKAGYQERCLKYCGLCCQECQCVPSGTHGNKSECPCYRDKLNSKGKPKCP,Evidence at transcript level,unreviewed,1.0,Snakins
A0A7D5NM95,A0A7D5NM95_OCIBA,Snakin 3,,Ocimum basilicum (Sweet basil),89,MKQWFATLLLVTLVLSCVFLESTATEDSSYCGKMCGVRCSKAGLKKRCLKYCGICCEACKCVPSGTYGNKSECPCYRDKLNSKGNPKCP,Evidence at transcript level,unreviewed,1.0,Snakins
A0A7N0TQ18,A0A7N0TQ18_KALFE,Snakin-1,,Kalanchoe fedtschenkoi (Lavender scallops) (South American air plant),85,MKMKAACLILLCLILLSSFQQTSAGFCDSKCGVRCLKAGYKERCLKYCGICCGKCQCVPSGTYGNKDECPCYRDMKNSKGKPKCP,Inferred from homology,unreviewed,1.0,Snakins
A0A804JEE5,A0A804JEE5_MUSAM,Snakin-1,,Musa acuminata subsp. malaccensis (Wild banana) (Musa malaccensis),91,MKLFSAATLLLLLVLTSSYLRGSMAADSAYCKSKCKVRCAKAGVMDRCLYYCGMCCEECKCVPSGTYGNKDECPCYRDKVTKDDKKKSKCP,Inferred from homology,unreviewed,1.0,Snakins
A0A3Q7G9X1,A0A3Q7G9X1_SOLLC,Snakin-1,,Solanum lycopersicum (Tomato) (Lycopersicon esculentum),63,MADFCDSKCKLRCSKAGLADRCLKYCGICCEECKCVPSGTYGNKHECPCYRDKKNSKGKSKCP,Inferred from homology,unreviewed,1.0,Snakins
A0A7D5NHE3,A0A7D5NHE3_OCIBA,Snakin 2,,Ocimum basilicum (Sweet basil),89,MKSPSVAFLLVLAIVLSSILVDPTSAESDYCSKNCKMRCAAAGVMDRCLKYCGICCAKCKCVPSGTYGNKHQCPCYRDMRSSKGKPKCP,Evidence at transcript level,unreviewed,1.0,Snakins
A0A7N2KRH2,A0A7N2KRH2_QUELO,Snakin-1,,Quercus lobata (Valley oak),88,MKLAFATFLLVCLVLSSSFFEATMAGSSFCDSKCQVRCSKAGIQDRCLKYCGVCCEKCQCVPSGTYGNKDECPCYRDLKNAKGKSKCP,Inferred from homology,unreviewed,1.0,Snakins
I3S7K1,I3S7K1_LOTJA,Snakin-1,,Lotus japonicus (Lotus corniculatus var. japonicus),94,MKQGFAALLLVCLVLSSSVFEVSMAASGVVKESGFCGSKCAQRCSKAGMQDRCIRFCGICCGKCKCVPSGTYGNKHECPCYRDMKNSKGKPKCP,Evidence at transcript level,unreviewed,1.0,Snakins
A0A453HEF4,A0A453HEF4_AEGTS,Snakin-1,,Aegilops tauschii subsp. strangulata (Goatgrass),98,MSKPSRCRALRTQVALLLVLLVAASLLPAGDAASGFCAGKCAVRCGRSRAKRGACMKYCGLCCEECACVPTGRSGSRDECPCYRDMLTAGPRKRPKCP,Inferred from homology,unreviewed,1.0,Snakins
A0A804KXI8,A0A804KXI8_MUSAM,Snakin-1,,Musa acuminata subsp. malaccensis (Wild banana) (Musa malaccensis),91,MKPLHAIVALLLILFTSSYLQATMAGSAFCGSKCKVRCSKASVKDRCLKYCGLCCEQCRCVPSGTYGHKDECPCYRDKYTGSGKRRRPKCP,Inferred from homology,unreviewed,1.0,Snakins
A0A804J548,A0A804J548_MUSAM,Snakin-1,,Musa acuminata subsp. malaccensis (Wild banana) (Musa malaccensis),78,MVLVWLPAPPFLLASAFCESKCKVRCAKAGVMDRCLRCCGVCFEECKCVPSGTYGNKDECPCYRDDVTKGKNRKPKCP,Inferred from homology,unreviewed,1.0,Snakins
A0A3Q7JA94,A0A3Q7JA94_SOLLC,Snakin-1,,Solanum lycopersicum (Tomato) (Lycopersicon esculentum),89,MKLSFATLLLVTLFLTTFFIPATIAGSEDFCDSKCNVRCSKAGRQDRCLKYCGICCEECHCLPSGTYGHKDECPCYRDKKNSKGGPKCP,Inferred from homology,unreviewed,1.0,Snakins
A0A804JCD9,A0A804JCD9_MUSAM,Snakin-1,,Musa acuminata subsp. malaccensis (Wild banana) (Musa malaccensis),91,MKLLHPSLVILLILFTSSCAQLAMARSAFCDSKCKVRCSKASLQDRCLKFCGLCCETCRCVPSGTYGNKDECPCYRDKYTGVGKRRRPKCP,Inferred from homology,unreviewed,1.0,Snakins
A0A453LVP6,A0A453LVP6_AEGTS,Snakin-1,,Aegilops tauschii subsp. strangulata (Goatgrass),98,MKKLHTTTATTTLALLLLLVLLAATSLRVAMAGSAFCDSKCGVRCSKASRHDDCLKYCGICCAECNCVPSGTAGNKDECPCYRDKTTGHGARTRPKCP,Inferred from homology,unreviewed,1.0,Snakins
A0AB40E9K0,A0AB40E9K0_CANSA,Snakin-1,,Cannabis sativa (Hemp) (Marijuana),95,MMKLSFVAFFLCALLLISSSSTMAYPSSSSEDGGGVCGEKCKNRCSKAGMLDRCMKYCGICCEQCKCVPSGTYGNKHECPCYKDLKNSKGKPKCP,Inferred from homology,unreviewed,1.0,Snakins
C6SVU2,C6SVU2_SOYBN,Snakin-1,,Glycine max (Soybean) (Glycine hispida),88,MKVAFAAVLLICLVLSSSLFEVSMAGSAFCSSKCSKRCSRAGMKDRCMKFCGICCGKCNCVPSGTYGNKHECPCYRDMKNSKGKAKCP,Evidence at transcript level,unreviewed,1.0,Snakins
C6T4L4,C6T4L4_SOYBN,Snakin-1,,Glycine max (Soybean) (Glycine hispida),90,MKLVFGTLLLCSLLLSFSFLEPVIAYEDSSYCSNKCADRCSSAGVKDRCVKYCGICCAECKCVPSGTYGNKHECPCYRDKLNKKGKPKCP,Evidence at transcript level,unreviewed,1.0,Snakins
A0A5N6QNF2,A0A5N6QNF2_9ROSI,Snakin-1,FH972_004086,Carpinus fangiana,100,MKLALATLLLISMLLRSSFLQFAMADPPTVAAPPTVAASSFCDSKCGARCANAGVKDRCLRYCGICCLQCKCVPSGTYGNKSECPCYRDMLNSKGKAKCP,Inferred from homology,unreviewed,1.0,Snakins
A0A4P1QYS3,A0A4P1QYS3_LUPAN,Snakin-1,TanjilG_12416,Lupinus angustifolius (Narrow-leaved blue lupine),88,MKLVYANMILLFLVLSSSMLQFSMAGSGFCDSKCSVRCSKAGVQDRCLKFCGICCEKCNCVPSGTYGHKDECPCYKNLKNSKGKGKCP,Inferred from homology,unreviewed,1.0,Snakins
A0AB40EBB8,A0AB40EBB8_CANSA,Snakin-1,LOC115714466,Cannabis sativa (Hemp) (Marijuana),88,MKLIFATFLLVCLVLSSSFFEASMAGSEFCDSKCKVRCSKAGVQDRCLKYCNICCEKCHCVPSGTYGNKDECPCYRDLKNSKGHPKCP,Inferred from homology,unreviewed,1.0,Snakins
A0A4Y7IBJ3,A0A4Y7IBJ3_PAPSO,Snakin-1,C5167_038122,Papaver somniferum (Opium poppy),97,MKTFLVALVFSSLVLISTFLVQTTSAASGPVDTSLLSFCNSKCADRCAVAGVKDRCLNYCGICCKECKCVPHGTYGNKDDCPCYRDKKNSKGKGKCP,Inferred from homology,unreviewed,1.0,Snakins
A0AA86SYS8,A0AA86SYS8_9FABA,Snakin-1,AYBTSS11_LOCUS25505,Sphenostylis stenocarpa,76,MCSLCALSFASLSWKSQWLLLCTQRCAKAGFQNRCLKFCGICCEKCNCVPSGTYGNKDECPCYRDLKNSKGKGKCP,Inferred from homology,unreviewed,1.0,Snakins
A0A803KY49,A0A803KY49_CHEQI,Snakin-1,LOC110682377,Chenopodium quinoa (Quinoa),95,MKLVIATLSIVILVLASSFVHPSMALNDTIKPNTNLDCGSLCGARCSKAGHEGCMKFCQICCQKCNCVPSGTYGNKHQCPCYRDMRNSKGKPKCP,Inferred from homology,unreviewed,1.0,Snakins
D3G6C3,D3G6C3_SOLCO,Snakin-1,sn1,Solanum commersonii (Commerson's wild potato) (Commerson's nightshade),88,MKLFLLTLLLVTLVITPSLIQTTMAGSNFCDSKCKLRCSKAGLADRCLKYCGICCEECKCVPSGTYGNKHECPCYRDKKNSKGKSKCP,Inferred from homology,unreviewed,1.0,Snakins
D3G6B9,D3G6B9_SOLBU,Snakin-1,sn1,Solanum bulbocastanum (Ornamental nightshade),88,MKLFLLTLLLVTLVITPSFIQTTMAGSNFCDSKCKLRCSKAGLADRCLKYCGICCEECKCVPSGTYGNKHECPCYRDKKNSKGKSKCH,Inferred from homology,unreviewed,1.0,Snakins
D3G6C0,D3G6C0_SOLCH,Snakin-1,sn1,Solanum chacoense (Chaco potato),88,MKLFLLTLLLVTLVITPSLMQTTMAGSNFCDSKCKLRCSKAGLADRCLKYCGICCEECKCVPSGTYGNKHECPCYRDKKNSKGKSKCP,Inferred from homology,unreviewed,1.0,Snakins
A0AAF0U702,A0AAF0U702_SOLVR,Snakin-1,MTR67_033832,Solanum verrucosum,89,MKTSFTVLFLVVILFSSSFIENAAMATSSYCDQKCSARCWKAGLKKRCLKYCGICCVACNCVPSGTYGNKSECPCYRDKLNSKGKPKCP,Inferred from homology,unreviewed,1.0,Snakins
A0A7N2MXA9,A0A7N2MXA9_QUELO,Snakin-1,LOC115968715,Quercus lobata (Valley oak),88,MKLFFATLLLCTLRLSSSFLEPAMAKSGFCTKKCANRCSKAAVQDRCKKYCGICCEECKCVPSGTYGNKHECPCYRDKKNNKGKPKCP,Inferred from homology,unreviewed,1.0,Snakins
V7AT37,V7AT37_PHAVU,Snakin-1,PHAVU_009G069900g,Phaseolus vulgaris (Kidney bean) (French bean),89,MMKLVFANALLVCLLLSSSFLEISMAGSGFCDSKCARRCAKAGVKDRCLKFCGICCEKCHCVPSGTYGNKDECPCYRDLKNSKGKGKCP,Inferred from homology,unreviewed,1.0,Snakins
A0A1U8N5X3,A0A1U8N5X3_GOSHI,Snakin-1,LOC107945146,Gossypium hirsutum (Upland cotton) (Gossypium mexicanum),90,MKLLFLTLLLCSLLLCSSVFEPTMAQPRSPFCEGKCKGRCNKAAVWDRCFKYCGICCEECKCVPSGTFGNKHECPCYRDKVNNKGKPKCP,Inferred from homology,unreviewed,1.0,Snakins
A0A7N2KRK2,A0A7N2KRK2_QUELO,Snakin-1,LOC115978097,Quercus lobata (Valley oak),88,MKLAFATFLLVCLVLSSSFFEATMAGSSFCDSKCQVRCSKAGVQDRCLKYCGICCKKCQCVPSGTYGNKDECPCYRDLKNSKGKSKCP,Inferred from homology,unreviewed,1.0,Snakins
A0ABM1GLG8,A0ABM1GLG8_SOLPN,Snakin-1,LOC107017105,Solanum pennellii (Tomato) (Lycopersicon pennellii),88,MKLFLLTLLLVTLVITPSFIQTTMAGSYFCDSKCKLRCSKAGLADRCLKYCGICCEECKCVPSGTYGNKHECPCYRDKKNSKGKSKCP,Inferred from homology,unreviewed,1.0,Snakins
A0A0A0KLG3,A0A0A0KLG3_CUCSA,Snakin-1,Csa_6G493840,Cucumis sativus (Cucumber),95,MKSVSVTLVLLSLILSSFFLQYATADSSTTYAPKGVCDSKCGVRCLNAGVKDRCLKYCGLCCQQCKCVPSGTYGNKSECPCYRDKLNSKGKSKCP,Inferred from homology,unreviewed,1.0,Snakins
A0ABP0YJ58,A0ABP0YJ58_9ROSI,Snakin-1,CITCOLO1_LOCUS12479,Citrullus colocynthis (colocynth),94,MKSASVTLLLLSFILSSFLLQYAIADSSTTYAPSVCDSKCGVRCLNAGVKDRCLKYCGLCCQQCNCVPSGTYGNKSECPCYRDKLNSKGKSKCP,Inferred from homology,unreviewed,1.0,Snakins
M7YBX4,M7YBX4_TRIUA,Snakin-1,LOC125505996,Triticum urartu (Red wild einkorn) (Crithodium urartu),94,MKLGPTATTVALLLVLLLASSSLRAATAGSAFCDGKCGVRCSKASRHDDCLKYCGICCAECNCVPSGTAGNKDECPCYRDKTTGHGARKRPKCP,Inferred from homology,unreviewed,1.0,Snakins
A0A3Q7ETI0,A0A3Q7ETI0_SOLLC,Snakin-1,LOC104645411,Solanum lycopersicum (Tomato) (Lycopersicon esculentum),89,MKRFLVAFMLLFALLLTSSFLQPATAKSVYCTQKCEARCSKAGLKDRCVKYCELCCAKCKCVPNGTYGNKHQCPCYRDMKNSKGKPKCP,Inferred from homology,unreviewed,1.0,Snakins
A3F8U7,A3F8U7_GYMCO,GASA-like protein,,Gymnadenia conopsea (Fragrant orchid) (Orchis conopsea),97,MTLFSARNPRILLLPLLIGLLLASYSQMASSQSAFCGEKCKVRCSKASDHDRCLRYCGVCCNLCGCVPSGTYGNKDECPCYRDKYTGVGQRRRPKCP,Evidence at transcript level,unreviewed,1.0,Snakins
M1B5D4,M1B5D4_SOLTU,Snakin-1,LOC102588340,Solanum tuberosum (Potato),88,MKLNFATLLLVALVLTSFLIPATIAGSDFCDSKCNYRCSKAGRQDRCLKYCGICCTECHCVPSGTSGNKDECPCYRDKKNSKGGPKCP,Inferred from homology,unreviewed,1.0,Snakins
A0AAV9LWT8,A0AAV9LWT8_9SOLN,Snakin-1,R3W88_022228,Solanum pinnatisectum (tansyleaf nightshade),89,MKTSFGVLFLVVILFSSSFIENAAMATSSYCDQKCSARCWKAGLKKRCLKYCGICCVACNCVPSGTYGNKSECPCYRDKLNSKGKPKCP,Inferred from homology,unreviewed,1.0,Snakins
A0ABR0U0F8,A0ABR0U0F8_REHGL,Snakin-1,DH2020_008232,Rehmannia glutinosa (Chinese foxglove),81,MLLLTLVLNSSFPQTTMASSSYCDKKCGERCSKAGIQDRCLKYCGICCEECNCVPSGTYGNKHECPCYRDKKNSKGKPKCP,Inferred from homology,unreviewed,1.0,Snakins
A0A834ZM88,A0A834ZM88_TETSI,Snakin-1,HHK36_009827,Tetracentron sinense (Spur-leaf),84,MKLVFATFLLVSLVLSSYTMADPSNCHDKCGERCAKAGVMDRCVKYCGICCEECKCVPSGTYGNKHECPCYRDKMNSKGKSKCP,Inferred from homology,unreviewed,1.0,Snakins
A0A9J5XQ27,A0A9J5XQ27_SOLCO,Snakin-1,H5410_039730,Solanum commersonii (Commerson's wild potato) (Commerson's nightshade),89,MKTSFAVLFLVVILFSSSFIENAAMATSSYCDQKCSARCWKAGLKKRCLKYCGICCVACNCVPSGTYGNKSECPCYRDKLNSKGKPKCP,Inferred from homology,unreviewed,1.0,Snakins
H9D2D5,H9D2D5_MEDSA,Snakin-1,SNK-1,Medicago sativa (Alfalfa),91,MKPAFAAMLLVCLILSSFMFEMSIAGTDSGRFCSSICGQRCSKAGMKDRCMKFCGICCGKCKCVPSGTYGNKHECPCYRDMKNSKGKPKCP,Evidence at transcript level,unreviewed,1.0,Snakins
A0AAV8TQV0,A0AAV8TQV0_ERYNO,Snakin-1,K2173_002515,Erythroxylum novogranatense (Peruvian coca) (Erythroxylum coca var. novogranatense),97,MRPALATLLLLLMVLSSSFLEPAIASVENGPTVPLPGSCESKCGVRCSKTGYQKRCFKYCMICCNECKCVPSGTYGNKSECPCYRDKKNSKGTSKCP,Inferred from homology,unreviewed,1.0,Snakins
A0A2G9HX57,A0A2G9HX57_9LAMI,Snakin-1,CDL12_05194,Handroanthus impetiginosus,88,MKVLFAAMLLLALLLSSSLIHTTMAGSSYCDEKCGMRCSKAGVKERCLKYCGICCEECKCVPSGTFGNKHECPCYRDKKNSKGKPKCP,Inferred from homology,unreviewed,1.0,Snakins
A0AAV9LB31,A0AAV9LB31_9SOLN,Snakin-1,R3W88_012936,Solanum pinnatisectum (tansyleaf nightshade),88,MKLFLLTLLLVTLVITPSFIQTTTAGSNFCDSKCKLRCSKAGLADRCLKYCGICCEECKCVPSGTYGNKHECPCYRDKKNSKGKSKCP,Inferred from homology,unreviewed,1.0,Snakins
A0ABS8TF21,A0ABS8TF21_DATST,Snakin-1,HAX54_008638,Datura stramonium (Jimsonweed) (Common thornapple),88,MKTSFAVLLLVALLFSTSFLETTMATSSYCDQKCTARCWKAGLKKRCLKYCGICCGACKCVPSGTYGNKSECPCYRDKLNSKGNPKCP,Inferred from homology,unreviewed,1.0,Snakins
A0AAN7L0S5,A0AAN7L0S5_TRANT,Snakin-1,SAY86_005910,Trapa natans (Water chestnut),92,MKLVPAALLFVSLVLFVVSTADYLPPAASPPSLCDTKCETRCSNAGMKDRCLKYCGICCNLCKCVPSGTYGNKSECPCYRDMKNSKGKSKCP,Inferred from homology,unreviewed,1.0,Snakins
A0ABQ7TZY4,A0ABQ7TZY4_SOLTU,Snakin-1,KY290_033228,Solanum tuberosum (Potato),89,MKSSFAVLFLVVILFSSSFIENAAMATSSYCDQKCSARCWKAGLKKRCLKYCGICCVACNCVPSGTYGNKSECPCYRDKLNSKGKPKCP,Inferred from homology,unreviewed,1.0,Snakins
A0ABQ8HQN9,A0ABQ8HQN9_9ROSI,Snakin-1,JRO89_XS08G0211300,Xanthoceras sorbifolium,99,MKLVLTSLLLVSLVLSSSFLQYSATADPPQPPVAPGPAGYCDVKCGERCGKAGYMKRCLKYCGICCQECKCVPSGTYGNKSECPCYKDKLNSKGEPKCP,Inferred from homology,unreviewed,1.0,Snakins
A0A8X8WRC5,A0A8X8WRC5_SALSN,Snakin-1,SASPL_140952,Salvia splendens (Scarlet sage),88,MKPYFAAFLVVAVILSSNFLESMATTDSSKCCKCGVRCSKAGLKKRCLKYCGICCEECKCVPSGTFGNKSECPCYRDKLNSKGNPKCP,Inferred from homology,unreviewed,1.0,Snakins
A0A9D5ADM5,A0A9D5ADM5_PEA,Snakin-1,KIW84_051397,Pisum sativum (Garden pea) (Lathyrus oleraceus),87,MKPVFATFLMCLVLSFSVLELSSAGSDFCDTKCGERCSKASVQDRCLKYCGICCEKCSCVPSGTYGNKDECPCYRDMKNSKGQGKCP,Inferred from homology,unreviewed,1.0,Snakins
A0A9J5ZLJ8,A0A9J5ZLJ8_SOLCO,Snakin-1,H5410_024292,Solanum commersonii (Commerson's wild potato) (Commerson's nightshade),88,MKLFLLTLLLVTLVITPSLIQTTMAGSNFCASKCKLRCSKAGLADRCLKYCGICCEECKCVPSGTYGNKHECPCYRDKKNSKGKSKCP,Inferred from homology,unreviewed,1.0,Snakins
A0A2C9UVH6,A0A2C9UVH6_MANES,Snakin-1,MANES_12G109900v8,Manihot esculenta (Cassava) (Jatropha manihot),99,MKLLLATFLLLSLVLSSSLLQFTTFAATPAAPPTPAAPSDCDLKCGARCGNAGYKDRCLKYCGICCKECKCVPSGTYGNKSECPCYRDKKNSKGTSKCP,Inferred from homology,unreviewed,1.0,Snakins
A0AAF0TPS8,A0AAF0TPS8_SOLVR,Snakin-1,MTR67_020739,Solanum verrucosum,59,CDSKCKLRCSKAGLADRCLKYCGICCEECKCVPSGTYGNKHECPCYRDKKNSKGKSKCP,Inferred from homology,unreviewed,1.0,Snakins
A0A5J5AG86,A0A5J5AG86_9ASTE,Snakin-1,F0562_035822,Nyssa sinensis,88,MKLVFAIFLLVSLVLGSSLLQITMAGSSFCDSKCSTRCAKAGVKDRCLKYCGICCEECKCVPSGTYGNKHECPCYRDKKNSKGKPKCP,Inferred from homology,unreviewed,1.0,Snakins
A0A5J5B7G9,A0A5J5B7G9_9ASTE,Snakin-1,F0562_027598,Nyssa sinensis,92,MKLAFVTFVLVSLVLSSSLLQTTIAAVAPGSSFCDSKCGERCSKAGLKDRCLKYCGICCEECKCVPSGTYGNKDECPCYRDKKNSKGNPKCP,Inferred from homology,unreviewed,1.0,Snakins
A0A151TTZ6,A0A151TTZ6_CAJCA,Snakin-1,KK1_009691,Cajanus cajan (Pigeon pea) (Cajanus indicus),88,MKVVFASVLLVCLVLSSSFLEISMAGSDLCDSKCGQRCAKAGVKDRCLKFCGICCEKCKCVPSGTYGNKHECPCYRDLKNSKGKDKCP,Inferred from homology,unreviewed,1.0,Snakins
A0A5N6QLL9,A0A5N6QLL9_9ROSI,Snakin-1,FH972_004614,Carpinus fangiana,88,MKLLFATLLLCSLLLSSSFLEPVMAVSGFCTNKCSDRCSKAGVKDRCMKYCGICCEECKCVPSGTYGNKHECPCYRDKKNNKGKAKCP,Inferred from homology,unreviewed,1.0,Snakins
A0AAF0ZYU1,A0AAF0ZYU1_SOLVR,Snakin-1,MTR67_051092,Solanum verrucosum,89,MMKLSCATLLLVTLVLTSFFIPATIAGSDFCDSKCNVRCSKAGRQDRCLKYCGICCEECHCVPSGTYGHKDECPCYRDKKNSKGGPKCP,Inferred from homology,unreviewed,1.0,Snakins
A0A022RD12,A0A022RD12_ERYGU,Snakin-1,MIMGU_mgv1a024675mg,Erythranthe guttata (Yellow monkey flower) (Mimulus guttatus),93,MKILFLACLLLFALLLSNTSIEATADQSYDSVNYCASSCDLRCARAGVKDRCLKYCGICCDKCKCVPSGTYGNKHQCPCYRDMRSSKGKPKCP,Inferred from homology,unreviewed,1.0,Snakins
A0AAF0Q2P3,A0AAF0Q2P3_SOLVR,Snakin-1,MTR67_006191,Solanum verrucosum,89,MKRFLVAFMLLFALLLTSSFLQPATAKSVYCAQKCEARCSKAGLKDRCVKYCELCCAKCKCVPNGTYGNKHQCPCYRDMKNSKGKPKCP,Inferred from homology,unreviewed,1.0,Snakins
A0ABP0YTX9,A0ABP0YTX9_9ROSI,Snakin-1,CITCOLO1_LOCUS14357,Citrullus colocynthis (colocynth),89,MKKPFYFTLLLSFLLFTSSFLDIAIAKSVFCDKACKKRCSKAGVMDRCIKYCGICCDYCKCVPSGTYGNKHECPCYRDMRSSKGKPKCP,Inferred from homology,unreviewed,1.0,Snakins
W9RJM0,W9RJM0_9ROSA,Snakin-1,L484_011500,Morus notabilis,91,MKPISFAAFLLCALHLSSSFFYPSTAYFQSGFCEDKCTTRCSKAGVLDRCMKYCGICCEQCMCVPSGTYGNKHECPCYRDKRSKKGKPKCP,Inferred from homology,unreviewed,1.0,Snakins
A0A5D2CPC4,A0A5D2CPC4_GOSDA,Snakin-1,ES288_D05G291400v1,Gossypium darwinii (Darwin's cotton) (Gossypium barbadense var. darwinii),86,MKLVFVTFLLVSRILSSSLFEVSMAGFCNSKCKIRCSKAGIRARCLKYCGICCAKCKCVPSGTYGNKHECPCYRDLKNSKGKPKCP,Inferred from homology,unreviewed,1.0,Snakins
A0A835IN51,A0A835IN51_9MAGN,Snakin-1,IFM89_007923,Coptis chinensis,89,MKLLLSALLLASLLLISSFLPFANAVSDYPCDSKCKERCAKAGVMDRCLKYCGVCCQECKCVPSGTYGHKDECPCYRDKKNSKGNSKCP,Inferred from homology,unreviewed,1.0,Snakins
A0A8T2U8I8,A0A8T2U8I8_CERRI,Snakin-2,KP509_07G011000,Ceratopteris richardii (Triangle waterfern),88,MFSDAFCTSLALQIFGVQLTADPPSPLNCTAACDYRCSESSHPNGCKRACGTCCIRCNCVPPGTSGNQQACGVCYARQKGPDGNPKCP,Inferred from homology,unreviewed,1.0,Snakins
A0AAP0L8D7,A0AAP0L8D7_9MAGN,Snakin-1,Scep_001081,Stephania cephalantha,88,MRILYAAALLLLSLVLSSSFLQSTTAASFCESKCNARCAKAAVWDRCYKYCGICCLQCKCVPDGTYGNKDQCACYRDKKNNKGKPKCP,Inferred from homology,unreviewed,1.0,Snakins
A0A0D2V5J7,A0A0D2V5J7_GOSRA,Snakin-1,B456_012G148600,Gossypium raimondii (Peruvian cotton) (Gossypium klotzschianum subsp. raimondii),90,MKLLFLTLLLCSLLLCSSVFAPTMAQPRSPFCEGKCKGRCNKAAVWDRCFKYCGICCEECQCVPSGTYGNKHECPCYRDKVNNKGKPKCP,Inferred from homology,unreviewed,1.0,Snakins
A0A0K9PQS8,A0A0K9PQS8_ZOSMR,Snakin-1,ZOSMA_183G00430,Zostera marina (Eelgrass),98,MSSNSGHQTMRTTTLILLLFLLLILVPSFSIQAASSPGFCSSKCKKRCSLAGFMDRCLLYCGVCCSKCHCVPSGTYGNRDECPCYRDMLNSKKKQKCP,Inferred from homology,unreviewed,1.0,Snakins
A0A7J7LIE2,A0A7J7LIE2_9MAGN,Snakin-1,GIB67_033840,Kingdonia uniflora,87,MKTLFATCLLLSLLLTFSLFQATSAAGFCGLKCKARCATAGMPDRCIKYCGICCLACKCVPSGTYGNKDECPCYRDKLSSKGKPKCP,Inferred from homology,unreviewed,1.0,Snakins
A0AAD5ZH94,A0AAD5ZH94_9POAL,Snakin-1,LUZ61_001570,Rhynchospora tenuis,89,MKILSFTLALILLLLTSSYLQSTMAASDFCNSKCNGRCSAAGKTQRCMRYCLMCCQECKCVPSGTYGNKDECPCYRDKVSPITKRAKCP,Inferred from homology,unreviewed,1.0,Snakins
A0AAV9AUM0,A0AAV9AUM0_ACOGR,Snakin-1,QJS04_geneDACA006316,Acorus gramineus (Dwarf sweet flag),73,MSEVIRTMQKQQGFCGIKCKGRCSKASVQDRCMKYCGICCNTCKCVPSGTYGNKDQCPCYRDMVTGKGKPKCP,Inferred from homology,unreviewed,1.0,Snakins
V4NN95,V4NN95_EUTSA,Snakin-1,EUTSA_v10022254mg,Eutrema salsugineum (Saltwater cress) (Sisymbrium salsugineum),67,RVGGLEAYCGSRCRERCAKAGFQDRCIKYCGICCRECKCVPSGTFGNKHQCPCYRDMLSSKGKPKCP,Inferred from homology,unreviewed,1.0,Snakins
A0A067KIC9,A0A067KIC9_JATCU,Snakin-1,JCGZ_12491,Jatropha curcas (Barbados nut),79,MASAPPYMAAPPPTTAAPSDCDLKCGTRCSNAGYKDRCLKYCGICCQECKCVPSGTYGNKSECPCYRDKKNSKGQSKCP,Inferred from homology,unreviewed,1.0,Snakins
A0A4Y7K0Y5,A0A4Y7K0Y5_PAPSO,Snakin-1,C5167_010686,Papaver somniferum (Opium poppy),97,MKIFLVALVFSSLVLSATFLVQTTSAASGPVDTSLLSFCNSKCADRCAVAGVKDRCLNYCGICCKECKCVPHGTYGNKDDCPCYRDKKNSKGKGKCP,Inferred from homology,unreviewed,1.0,Snakins
A0AAV2GME2,A0AAV2GME2_9ROSI,Snakin-1,LTRI10_LOCUS50047,Linum trigynum,90,MKSATAATLLLLCLLLASSVFDVTDAAGSGICDSKCGARCAKAGVMDRCLKYCGICCDKCQCVPSGTYGNKHECPCYRDLKNSKGKPKCP,Inferred from homology,unreviewed,1.0,Snakins
A0A2G5ELH3,A0A2G5ELH3_AQUCA,Snakin-1,AQUCO_00700711v1,Aquilegia coerulea (Rocky mountain columbine),90,MKLVIPTLLLISFLLASSLLPTTFAGLSKGFCDSKCKDRCAKAGVLDRCLKYCAICCSECKCVPSGTYGNKHQCPCYRDKKSSKGSSKCP,Inferred from homology,unreviewed,1.0,Snakins
A0A175YRB5,A0A175YRB5_DAUCS,Snakin-2,DCAR_0833105,Daucus carota subsp. sativus (Carrot),100,MALRLFVFVALLLFCTLQVSSDSEIADEVKGPNSTPLTYADCQGLCQVRCARARKNVCMRACGACCARCNCVPPGTYGNREACGKCYTDMTTHGNRLKCP,Inferred from homology,unreviewed,1.0,Snakins
A0A1U8FEU5,A0A1U8FEU5_CAPAN,Snakin-1,T459_03836,Capsicum annuum (Capsicum pepper),89,MKTSFVVFLFGAILFSSSFIENAAMATSSYCDQKCTARCWKAGLKKRCLKYCGICCGLCKCVPSGTYGNKSECPCYRDMLNSKGKPKCP,Inferred from homology,unreviewed,1.0,Snakins
A0A7J6GE70,A0A7J6GE70_CANSA,Snakin-1,G4B88_009583,Cannabis sativa (Hemp) (Marijuana),91,MKLIGVLLLISMCLSPCFLQLTMANDLSPSPTPAPMCEVRCGKARRKDRCLKYCGICCKACKCVPSGTYGNKSECPCYRDKLSSKGTPKCP,Inferred from homology,unreviewed,1.0,Snakins
A0A834G991,A0A834G991_RHOSS,Snakin-1,RHSIM_Rhsim11G0155500,Rhododendron simsii (Sims's rhododendron),89,MKKLLFATLLVFALLLSSSLLEPIMAQSLYCAKKCEGRCARAGVKDRCMKYCGICCAECKCVPSGTYGNKHECPCYRDKVSSKGKPKCP,Inferred from homology,unreviewed,1.0,Snakins
A0A8J5XZY9,A0A8J5XZY9_9ROSI,Snakin-1,CXB51_028245,Gossypium anomalum,97,MKSIVATLLFVSLVLSSSFTQLSFASPAAAPSPAPPSYCDGKCGERCAKAGMKDRCLKYCGICCQECKCVPSGTYGNKSECPCYRDKKNSKHQPKCP,Inferred from homology,unreviewed,1.0,Snakins
A0AAD6NPU2,A0AAD6NPU2_9ROSI,Snakin-1,OIU84_015593,Salix udensis,88,MKPVFAAIFLACLVFSSSLFEVTMASSGFCGSKCEARCSKAGIKDRCLKYCGICCEKCKCVPSGTYGNKHECPCYRDMKNSKGKPKCP,Inferred from homology,unreviewed,1.0,Snakins
A0AAE0B769,A0AAE0B769_9ROSI,Snakin-1,Dsin_003149,Dipteronia sinensis,89,MKLVFFTFLLIVSLVLTSSFFEVSKADSAFCDSKCKVRCSKAGVYDRCLKYCGICCEKCNCVPSGTYGHKDECPCYADMKNSKGKQKCP,Inferred from homology,unreviewed,1.0,Snakins
A0AAE1JZU2,A0AAE1JZU2_9FABA,Snakin-1,QN277_015428,Acacia crassicarpa (northern wattle),66,MAAGSPLCDSKCGVRCSKAGRKDRCLRFCGICCGKCNCVPSGTYGNKHECPCYRDLKNSKGTPKCP,Inferred from homology,unreviewed,1.0,Snakins
A0AAN7QPR8,A0AAN7QPR8_9MYRT,Snakin-1,SAY87_031507,Trapa incisa,88,MKKFGAVLFLCLLVLGSSFLQSAMAGSSFCDSKCSARCSKAGMQERCLKYCGICCDKCQCVPSGTYGNKHECPCYRDLKNSKGKPKCP,Inferred from homology,unreviewed,1.0,Snakins
A0AAV0N064,A0AAV0N064_9ROSI,Snakin-1,LITE_LOCUS31015,Linum tenue,91,MKSVTAATLLLLCLLLASSVFDVAVAAGSAGMCDSKCGVRCSKAGMKDRCLKYCGICCDKCQCVPSGTYGNKDECPCYRDMKNSKGKPKCP,Inferred from homology,unreviewed,1.0,Snakins
A0AAV1R961,A0AAV1R961_9ROSI,Snakin-1,DCAF_LOCUS7745,Dovyalis caffra,89,MKKLFFATLLLGSLLFSSSFLEPVMAKSAFCTKKCNTRCANAGILDRCLKYCGICCEQCKCVPSGTYGNKHECPCYRDRKNSKGKPKCP,Inferred from homology,unreviewed,1.0,Snakins
A0AAV8T6X3,A0AAV8T6X3_ERYNO,Snakin-1,K2173_007970,Erythroxylum novogranatense (Peruvian coca) (Erythroxylum coca var. novogranatense),88,MKPSLETLLLVSLLFTSSFFEVTLAGSVFCDSKCGVRCSKAGVKDRCLKYCGICCDKCNCVPSGTYGNKDECPCYRDMKNSKGKSKCP,Inferred from homology,unreviewed,1.0,Snakins
A0AAV8U4Q7,A0AAV8U4Q7_ERYNO,Snakin-1,K2173_028465,Erythroxylum novogranatense (Peruvian coca) (Erythroxylum coca var. novogranatense),88,MKSFLATLLLVCLVFTSSFFEVTSAGSGICDSKCGVRCAKAGFMDRCLKYCGICCEKCKCVPSGTYGNKHECPCYRNLKNSKGKSKCP,Inferred from homology,unreviewed,1.0,Snakins
A0AAW2E4F2,A0AAW2E4F2_9ROSI,Snakin-1,SO802_004585,Lithocarpus litseifolius,88,MKLTFATFLLVCLVLSSSFFEATMAGSSFCDSKCQVRCSKAGVQDRCLKYCGICCEKCQCVPSGTYGNKDECPCYRDLKNSKGKSKCP,Inferred from homology,unreviewed,1.0,Snakins
A0ABD3U7I3,A0ABD3U7I3_9LAMI,Snakin-1,ACJIZ3_001793,Penstemon smallii,88,MRPWIANILLVTLLLSFGFLEPIMADSNFCNSKCDVRCSKASLQKRCLKYCGICCTKCNCVPSGTSGNKDECPCYRDIKNSKGNPKCP,Inferred from homology,unreviewed,1.0,Snakins
A0ABR0DWA2,A0ABR0DWA2_9LAMI,Snakin-1,RD792_005861,Penstemon davidsonii,94,MKLLFFTLLLVSMLLSSSFVADALAAQAPAPTAGPCNGMCNARCAKAGIPKRCLTYCCICYSKCKCVPSGTYGNKSECPCYRDMLNSKGKPKCP,Inferred from homology,unreviewed,1.0,Snakins
A0ABS8SUL1,A0ABS8SUL1_DATST,Snakin-1,HAX54_048549,Datura stramonium (Jimsonweed) (Common thornapple),92,MKDEAISCNSAFGHLVLTLLSFNHHGWFKLFVIQSKQRCSATGLADRCLKYCGICCAECNCVPSGTYGNKHECPCYRDKKNSKASLNALEFI,Inferred from homology,unreviewed,1.0,Snakins
V7CVE6,V7CVE6_PHAVU,Snakin-1,PHAVU_001G025800g,Phaseolus vulgaris (Kidney bean) (French bean),88,MKLSFAAMLLLCLLLSSSLFQASSAGSGFCASKCAQRCSKAGMKDRCLKFCGICCSKCKCVPSGTYGNKHECPCYRDMKNSKGKGKCP,Inferred from homology,unreviewed,1.0,Snakins
W9S245,W9S245_9ROSA,Snakin-1,L484_010255,Morus notabilis,87,MKLVFAAFLICLVLSSSFVETTMAGSAFCDSKCEVRCSKAGVKDRCLKYCKLCCNKCQCVPSGTYGHKDECPCYRDLKNSKGQSKCP,Inferred from homology,unreviewed,1.0,Snakins
A0AAV2GJ09,A0AAV2GJ09_9ROSI,Snakin-1,LTRI10_LOCUS50046,Linum trigynum,89,MKSVTAATLLLLCLMLASSVFDVAVAGSDMCDSKCGVRCSKAGMKDRCLKYCGICCDKCQCVPSGTSGNKDECPCYRDMKNSKGKPKCP,Inferred from homology,unreviewed,1.0,Snakins
A0ABY9DQ98,A0ABY9DQ98_VITVI,Snakin-1,VitviT2T_027479,Vitis vinifera (Grape),88,MKPLLATFLLVFLVLSSSFVQNAMAGSSFCDSKCAARCSKAGMKDRCLKYCGICCEECKCVPSGTYGNKHECPCYKDKKNSKGQPKCP,Inferred from homology,unreviewed,1.0,Snakins
A0A022QA02,A0A022QA02_ERYGU,Snakin-1,MIMGU_mgv1a017072mg,Erythranthe guttata (Yellow monkey flower) (Mimulus guttatus),94,MKVLFATLLLVTLVLTSSLIHSTMAHSPAVLGEGYCGKKCAVRCSKAGVKDRCLKYCGICCNECKCVPSGTYGNKHECPCYRDKKNSKGHPKCP,Inferred from homology,unreviewed,1.0,Snakins
A0A0B0PBB7,A0A0B0PBB7_GOSAR,Snakin-1,F383_03343,Gossypium arboreum (Tree cotton) (Gossypium nanking),86,MKLVFVTFLLVSLILSSSLFEVSMAGFCNSKCKIRCSKAGIRARCLKYCGICCAKCKCVPSGTYGNKHECPCYRDLKNSKGKPKCP,Inferred from homology,unreviewed,1.0,Snakins
A0A5P1FH25,A0A5P1FH25_ASPOF,Snakin-1,A4U43_C03F21650,Asparagus officinalis (Garden asparagus),91,MKKLSPALPLLFLLLTCSCLRAAMAGSAFCDGKCKVRCSKASVQDKCLQYCGLCCEECHCVPPGTYGNKDKCPCYRDKTTGTGKRKRSKCP,Inferred from homology,unreviewed,1.0,Snakins
A0A1U8GK44,A0A1U8GK44_CAPAN,Snakin-2,T459_12179,Capsicum annuum (Capsicum pepper),94,MKIFTLFLIAILLIQIEADNEGALHKKIHPTKRIHCGYACARRCKKSSRKKVCTRACKTCCARCKCVPPGTYGNKEACPCYARLKTHGNRPKCP,Inferred from homology,unreviewed,1.0,Snakins
A0A2G2XJ49,A0A2G2XJ49_CAPAN,Snakin-1,T459_35513,Capsicum annuum (Capsicum pepper),95,MKLSFATLVLGTILLTSFFIQPTIAGSVGIVFLEAFCDSKCNFRCSKAGRKDRCLKYCGICCADCNCVPSGTFGNKDECPCYRDKKNSKGGPKCP,Inferred from homology,unreviewed,1.0,Snakins
A0A498JRJ0,A0A498JRJ0_MALDO,Snakin-1,DVH24_007873,Malus domestica (Apple) (Pyrus malus),88,MKLYFPLLCFLLLTSSFMDPAMALATSPYCSDKCSTRCAVAGVQDRCMKYCGICCEACKCVPSGTYGNKHECPCYRDKKNDKGKPKCP,Inferred from homology,unreviewed,1.0,Snakins
A0A7J8MNU0,A0A7J8MNU0_9ROSI,Snakin-1,Golob_011199,Gossypium lobatum,86,MKLVFVTFLLVSLILSSSLFEVSVAGFCNSKCKIRCSKAGIRARCLKYCGICCAKCKCVPSGTYGNKHECPCYRDLKNSKGKPKCP,Inferred from homology,unreviewed,1.0,Snakins
A0A7J8Y1N6,A0A7J8Y1N6_GOSAI,Snakin-1,Goari_003848,Gossypium aridum (American cotton) (Erioxylum aridum),99,MKMVLVLFLLVSLALSSCFFEVSIAGSALLVHGLYGIADFCDSKCAVRCSKAGVQDRCLKYCGICCEKCHCVPSGTFGHKDECPCYRDMKNSKGKSKCP,Inferred from homology,unreviewed,1.0,Snakins
A0A7J8ZL21,A0A7J8ZL21_9ROSI,Snakin-1,Golax_011116,Gossypium laxum,90,MKVLFATLLVCSLLLCSSILEPVMAQPRSPSCAGKCKARCRKAAVWERCFKYCGICCEKCKCVPSGTYGNKHECPCYRDMVTNKGKPKCP,Inferred from homology,unreviewed,1.0,Snakins
A0A7J8ZVR4,A0A7J8ZVR4_9ROSI,Snakin-1,Golax_014716,Gossypium laxum,97,MKSIIATLLFVSLVLSSSFIQLSFASPAAAPSPAPPSYCDGKCGERCAKAGMKDRCLKYCGICCQECKCVPSGTYGNKSECPCYRDKKNSKHQPKCP,Inferred from homology,unreviewed,1.0,Snakins
A0A8X7ZG01,A0A8X7ZG01_POPTO,Snakin-1,POTOM_033154,Populus tomentosa (Chinese white poplar),89,MKKLFFATLLLCSLLFSSSFLEPVMAKSSFCAKKCDTRCANAGIQDRCLKYCGICCEQCKCVPSGTYGNKHECPCYRDKRNSKGKPKCP,Inferred from homology,unreviewed,1.0,Snakins
A0A9D3ZRG5,A0A9D3ZRG5_9ROSI,Snakin-1,J1N35_035838,Gossypium stocksii,88,MKMVLVLFLLVSLALSSCFFEVSIASSDFCDSKCAVRCSKAGVQDRCLKYCGICCEKCHCVPSGTFGHKDECPCYRDMKNSKGKSKCP,Inferred from homology,unreviewed,1.0,Snakins
A0A9R1WQE8,A0A9R1WQE8_LACSA,Snakin-1,LSAT_V11C100009890,Lactuca sativa (Garden lettuce),89,MKSFVATFTIMGLVILSSSLLQITMADSSFCDSKCAVRCSKAGLQDRCLKYCGICCEECNCVPSGTYGHKDECPCYRDKKNSKGQPKCP,Inferred from homology,unreviewed,1.0,Snakins
A0AA38TY31,A0AA38TY31_9ASTR,Snakin-1,OSB04_004942,Centaurea solstitialis (yellow star-thistle),90,MKPLVAKFILMALVLLSSSFLQITMAGSSICDSKCEVRCSKAGMHDRCLKYCGICCEECQYCVPSGTYGNKDECPCYRDKKNSKGTSKCP,Inferred from homology,unreviewed,1.0,Snakins
A0AA39RLN3,A0AA39RLN3_ACESA,Snakin-1,LWI29_013153,Acer saccharum (Sugar maple),88,MKLVFFTFLLVSLVLTSSFFEVSKADSAFCDSKCKVRCSKAGVYDRCLKYCGICCEKCNCVPSGTYGHKDECPCYAEMKNSKGKPKCP,Inferred from homology,unreviewed,1.0,Snakins
A0AAD5D867,A0AAD5D867_AMBAR,Snakin-1,M8C21_017447,Ambrosia artemisiifolia (Common ragweed),89,MKPFVSAFMLMALVLMSTSLLQMTMAGSSFCDSKCSVRCSKAGLQDRCLKYCGVCCEECKCVPSGTYGHKDECPCYRDKKNSKGDPKCP,Inferred from homology,unreviewed,1.0,Snakins
A0AAD5JHC1,A0AAD5JHC1_ACENE,Snakin-1,LWI28_010740,Acer negundo (Box elder),88,MKLVFFTFLLVSLVLTASFFEVSKADSAFCDSKCKVRCSKAGVYDRCLKYCGICCEKCNCVPSGTYGHKDECPCYADMKNSKGKPKCP,Inferred from homology,unreviewed,1.0,Snakins
A0AAD6WK98,A0AAD6WK98_9ROSI,Snakin-1,NC653_003180,Populus alba x Populus x berolinensis,88,MKLFLAALLLCSLLFSSSFLEPVMAKSSFCTKKCNTRCANAGIQDRCLKYCGICCEQCKCVPSGTYGNKHECPCYRDKRNSKGKPKCP,Inferred from homology,unreviewed,1.0,Snakins
A0AAD8L6C8,A0AAD8L6C8_TARER,Snakin-1,QVD17_10356,Tagetes erecta (African marigold),89,MKPFVATFVLLALVLLSSSLLHTTIAGSSFCDSKCAVRCSKAGRKDRCLKYCGICCKACHCVPSGTYGNKDECPCYRDKKNSKGGSKCP,Inferred from homology,unreviewed,1.0,Snakins
A0AAD8P0A3,A0AAD8P0A3_TARER,Snakin-1,QVD17_16173,Tagetes erecta (African marigold),89,MKPFVSTIMLMALVLLSSSFFQITMAGSSFCDSKCAVRCSKAGLQDRCLKYCGICCEECNCVPSGTYGHKDECPCYRDKKNSKGEPKCP,Inferred from homology,unreviewed,1.0,Snakins
A0AAP0D5X8,A0AAP0D5X8_9ASTR,Snakin-1,SSX86_014093,Deinandra increscens subsp. villosa,90,MKPILSTFVLLALVLLSSSLLHTTMAADSSFCDSKCAVRCSKAGRQDRCLKYCGICCRACNCVPSGTYGNKDECPCYRDKKNSKGGPKCP,Inferred from homology,unreviewed,1.0,Snakins
A0AAP0DIM4,A0AAP0DIM4_9ASTR,Snakin-1,SSX86_007741,Deinandra increscens subsp. villosa,89,MKPFVSTFMLITFVLLSYSLLPITMAGSSFCDSKCAVRCSKAREHNRCLEYCGMCCEECHCVPSGTYGHKDECPCYRDKKNSRGEPKCP,Inferred from homology,unreviewed,1.0,Snakins
A0AAP0GZR2,A0AAP0GZR2_9ASTR,Snakin-1,SSX86_014343,Deinandra increscens subsp. villosa,96,MKLISFAALLLLALLFTSAYAISPAGAPGPSPSKFGCDKKCELRCSRSGWRDRCLKYCGICCGKCNGCVPSGPYANKAQCPCYRDMKNPKGRDKCP,Inferred from homology,unreviewed,1.0,Snakins
A0AAP0H204,A0AAP0H204_9ASTR,Snakin-1,SSX86_014344,Deinandra increscens subsp. villosa,93,MKLISFAALLLLALLFTSAYAISPVPSPASRFGCNKKCELRCSRSGRRDRCLKYCGICCGKCNGCVPSGPYASKAQCPCYRDMKNSKGRDKCP,Inferred from homology,unreviewed,1.0,Snakins
A0AAP0MRQ9,A0AAP0MRQ9_9ROSI,Snakin-1,WN944_007756,Citrus x changshan-huyou,88,MKLALVTFLLVSLVLTSTFFEVSMAGSDFCDSKCAVRCSKAGREDRCLKYCGICCDKCHCVPSGTYGHKDECPCYRDLKNSKGKPKCP,Inferred from homology,unreviewed,1.0,Snakins
A0AAV5J0D3,A0AAV5J0D3_9ROSI,Snakin-1,SLEP1_g16653,Rubroshorea leprosula,88,MKLAFVTFLLVSLVLSSSFFDLTTAGSSFCDTKCGERCAKAGEMDRCLKYCGICCEKCQCVPSGTYGNKDECPCYRDLKNSKGQSKCP,Inferred from homology,unreviewed,1.0,Snakins
A0AAV5KPK0,A0AAV5KPK0_9ROSI,Snakin-1,SLEP1_g35736,Rubroshorea leprosula,93,MKLLFAAFLLCSLLLCSTFMELATAAMPTPPSSFCPSKCNERCKKAAVNDRCLKYCGICCRECKCVPSGTYGNKHECPCYRDKVNKKGKPKCP,Inferred from homology,unreviewed,1.0,Snakins
A0ABD3JS35,A0ABD3JS35_EUCGL,Snakin-1,ACJRO7_027713,Eucalyptus globulus (Tasmanian blue gum),89,MAKLALTTFLLVAFLLSSSLFDATMAGSSFCDSKCAVRCSKAGKKDRCLEYCGICCKKCQCVPSGTYGNKDECPCYRDMKNSKGQPKCP,Inferred from homology,unreviewed,1.0,Snakins
A0ABR2ELJ2,A0ABR2ELJ2_9ROSI,Snakin-1,V6N12_010919,Hibiscus sabdariffa (roselle),90,MKVLLATLLLCSLLLSCSVLQPAMAQPRSSSCEGKCRARCSKAAVWERCFKYCGVCCEECKCVPSGTYGNKHQCPCYRDKLNNKGKPKCP,Inferred from homology,unreviewed,1.0,Snakins
A0A2I4F772,A0A2I4F772_JUGRE,Snakin-1-like,LOC108996183,Juglans regia (English walnut),88,MKLFFATLLLCSLLLSSSFLEPAMAQSGFCSNKCKDRCAKAAVQDRCMKYCGICCQQCKCVPSGTYGNKHECACYRDKRNAKGKPKCP,Inferred from homology,unreviewed,1.0,Snakins
A0A5D2YQR4,A0A5D2YQR4_GOSMU,Snakin-1,E1A91_A06G024300v1,Gossypium mustelinum (Cotton) (Gossypium caicoense),74,MNSQYYIYPINSTDFCDSKCAVRCSKAGVQDRCLKYCGICCEKCHCVPSGTFGHKDECPCYRDMKNSKGKSKCP,Inferred from homology,unreviewed,1.0,Snakins
A0AAD2DID2,A0AAD2DID2_9LAMI,Snakin-1,FPE_LOCUS321,Fraxinus pennsylvanica,99,MKLFFFTLFLLSLILSSSFTTLTAATPPPTEPAPTPTPGSCDALCKARCAKAGIQKRCLNFCGICCSKCNCVPSGTYGNKSECPCYRDMLNSKGKPKCP,Inferred from homology,unreviewed,1.0,Snakins
A0A251MXL7,A0A251MXL7_PRUPE,Snakin-1,PRUPE_8G138400,Prunus persica (Peach) (Amygdalus persica),94,MKLHFPLLLLLLCFILLSSSLMDPAMAQAKSGYCSDECSTRCAVAGVQDRCIEYCGICSEECKCVPSGNYGNKHECPCNKNKKGYCTSAQRGVQ,Inferred from homology,unreviewed,1.0,Snakins
A0A5D2IQQ4,A0A5D2IQQ4_GOSTO,Snakin-1,ES332_D11G228300v1,Gossypium tomentosum (Hawaiian cotton) (Gossypium sandvicense),97,MKSIIATLLFASLVLSSSFIQLSFASPAAAPSPAPPSYCDGKCGERCAKAGMKDRCLKYCGICCQECKCVPSGTYGNKSECPCYRDKKNSKHQPKCP,Inferred from homology,unreviewed,1.0,Snakins
A0AA41VCE6,A0AA41VCE6_PAPNU,Snakin-1,MKW94_007132,Papaver nudicaule (Iceland poppy),68,MAYYPKRGFCNPKCADRCAAAGMKDRCLNYCEICCKECKCVPHGTYGNKDDCPCYRDKKNSKGKGKCP,Inferred from homology,unreviewed,1.0,Snakins
A0A5D2ZPA8,A0A5D2ZPA8_GOSMU,Snakin-1,E1A91_A04G151900v1,Gossypium mustelinum (Cotton) (Gossypium caicoense),90,MKLLFLTLLLCSLLLCSSVFEPTMAQPRSPFCEGKCKGRCNKAAVWDRCFKYCGICCEECKCVPSGTYGNKHECPCYRDKVNNKGKPKCP,Inferred from homology,unreviewed,1.0,Snakins
A0A5J5PE30,A0A5J5PE30_GOSBA,Snakin-1,ES319_D11G217800v1,Gossypium barbadense (Sea Island cotton) (Hibiscus barbadensis),97,MKSIIATLLFASLVLSSSFIQLSFASPAAAPSPAPPSYCDGKCGERCAKAGMKDRCLKYCGICCQECKCVPSGTYGNKSECPCYRNKKNSKHQPKCP,Inferred from homology,unreviewed,1.0,Snakins
A0A067KZP2,A0A067KZP2_JATCU,Snakin-1,JCGZ_16059,Jatropha curcas (Barbados nut),88,MKPVFAAFLLVSLLLTSSFFELTKAGSAFCDSKCGARCANAGVKDRCLKYCGICCEKCKCVPSGTYGNKHECPCYRDYKNSKGKPKCP,Inferred from homology,unreviewed,1.0,Snakins
D7SXU7,D7SXU7_VITVI,Snakin-1,VIT_03s0091g00390,Vitis vinifera (Grape),88,MKHLFPTLLLLSLLLHSCFSQPTTDGAGFCGLKCSKRCSQAAVLDRCMKYCGICCQECKCVPSGTYGNKHECPCYRDKKNSKGKPKCP,Inferred from homology,unreviewed,1.0,Snakins
A0A5J5BUP2,A0A5J5BUP2_9ASTE,Snakin-1,F0562_020749,Nyssa sinensis,89,MKKLFFATLLLFTLLLSSSFLEPSMAKSLYCAHKCKARCSKAGVKDQCLKYCGICCEQCKCVPSGTYGNKHECPCYRDKKNSKGKPKCP,Inferred from homology,unreviewed,1.0,Snakins
A0ABP0Y0Q0,A0ABP0Y0Q0_9ROSI,Snakin-1,CITCOLO1_LOCUS4223,Citrullus colocynthis (colocynth),85,MKFLHLLTWLLVLTSFLELSLGASGLCGSKCRRRCAKAGVQDRCMKYCGICCEKCGCVPSGTYGNKHECPCYGNMKNSKGYSKCP,Inferred from homology,unreviewed,1.0,Snakins
A0A9J5WAB6,A0A9J5WAB6_SOLCO,Snakin-1,H5410_062311,Solanum commersonii (Commerson's wild potato) (Commerson's nightshade),89,MMKLNFATLLLMALVLTSFLIPATIAGSDFCDSKCNFRCSKAGRQDRCLKYCGICCADCHCVPSGTSGNKDECPCYRDKKNSKGGPKCP,Inferred from homology,unreviewed,1.0,Snakins
A0AAN9NQ70,A0AAN9NQ70_PHACN,Snakin-1,VNO80_02366,Phaseolus coccineus (Scarlet runner bean) (Phaseolus multiflorus),88,MKLSFAAMLLLCLLLSSSLFQVSSASYGFCASKCAQRCSKAGMKDRCLKFCGICCSKCKCVPSGTYGNKHECPCYRDMKNSKGKGKCP,Inferred from homology,unreviewed,1.0,Snakins
A0AAN9RU09,A0AAN9RU09_PSOTE,Snakin-1,VNO78_28868,Psophocarpus tetragonolobus (Winged bean) (Dolichos tetragonolobus),88,MKVAFAAVLLMCLVLTSSFFQLSMARSGFCSSKCAKRCSKAGMKDRCMKFCGICCSKCKCVPSGTYGNKHQCPCYRDMRNSKGTAKCP,Inferred from homology,unreviewed,1.0,Snakins
A0A067E9M1,A0A067E9M1_CITSI,Snakin-1,CISIN_1g034644mg,Citrus sinensis (Sweet orange) (Citrus aurantium var. sinensis),88,MKLHFTTVVVCSLILSFSLLEPATAGSPFCDSKCAERCKQAGVQDRCLKYCGICCEDCKCVPSGTYGNKHECPCYRDKVNKKGKPKCP,Inferred from homology,unreviewed,1.0,Snakins
A0A0D2TJG1,A0A0D2TJG1_GOSRA,Snakin-1,B456_007G220200,Gossypium raimondii (Peruvian cotton) (Gossypium klotzschianum subsp. raimondii),97,MKSIIAALLFASLVLSSSFIQLSFASPAAAPSPAPPSYCDGKCGERCAKAGMKDRCLKYCGICCQECKCVPSGTYGNKSECPCYRDKKNSKHQPKCP,Inferred from homology,unreviewed,1.0,Snakins
A0A5D2ENF8,A0A5D2ENF8_GOSDA,Snakin-1,ES288_A11G249100v1,Gossypium darwinii (Darwin's cotton) (Gossypium barbadense var. darwinii),97,MKSIIATLLFVSLVLCSSFIQLSFASPAAAPSPAPPSYCDGKCGERCAKAGMKDRCLKYCGICCQECKCVPSGTYGNKSECPCYRDKKNSKHQPKCP,Inferred from homology,unreviewed,1.0,Snakins
A0A5D2GKS8,A0A5D2GKS8_GOSDA,Snakin-1,ES288_A05G283700v1,Gossypium darwinii (Darwin's cotton) (Gossypium barbadense var. darwinii),86,MKLVFVTFLLVSIILSSSLFEVSMAGFCNSKCKIRCSKAGIRARCLKYCGICCAKCKCVPSGTYGNKHECPCYRDLKNSKGKPKCP,Inferred from homology,unreviewed,1.0,Snakins
A0A8J4VQQ4,A0A8J4VQQ4_9ROSI,Snakin-1,CMV_009663,Castanea mollissima (Chinese chestnut),96,MKPVLAILLLVSMFLSVSFLQFTMAESTTGDAPTPSFCDSKCGVRCANAGVKDRCLRYCGVCCQQCNCVPSGTYGNKSECPCYRDKLNSKGNPKCP,Inferred from homology,unreviewed,1.0,Snakins
A0A9D5CVD6,A0A9D5CVD6_9LILI,Snakin-1,J5N97_008516,Dioscorea zingiberensis,72,MAGSEIGGTTAFCSGKCQVRCSKASIKDGCLKYCNICCKECKCVPPGTYGNKDQCPCYRDKVVKGTKKPKCP,Inferred from homology,unreviewed,1.0,Snakins
A0AA42AQN8,A0AA42AQN8_PAPNU,Snakin-1,MKW94_024846,Papaver nudicaule (Iceland poppy),87,MKPVFAALLCVALLLSFSFIQTTMADEFCDSKCNQRCSKAGRQDRCLKYCGICCRDCRCVPSGTYGNKDECPCYRDKKNSKGGPKCP,Inferred from homology,unreviewed,1.0,Snakins
A0AAD4SP75,A0AAD4SP75_9MAGN,Snakin-1,MKW98_003234,Papaver atlanticum,100,MKIFLVAMVFSSLVLSSTFLVQTTSAATPASGPVDTSLLSFCNSKCADRCAVAGVKDRCLNYCGICCKECKCVPRGTYGNKDDCPCYRDKKNSKGKGKCP,Inferred from homology,unreviewed,1.0,Snakins
A0AAW2BXU4,A0AAW2BXU4_9ROSI,Snakin-1,SO802_025696,Lithocarpus litseifolius,96,MKPVLAILLLVSMFLSFSFLQFTMAESTTGDAPIPSFCDSKCGVRCANAGVKDRCLRYCGVCCQQCNCVPSGTYGNKSECPCYRDKLNSKGNPKCP,Inferred from homology,unreviewed,1.0,Snakins
A0ACC0HMG9,A0ACC0HMG9_9ERIC,Snakin-1,LOK49_LG05G02363,Camellia lanceoleosa,88,MKLAFATFLLVALVLSSSFFETTMAGSIFCDSKCAVRCSKSGRPDRCLKYCGICCEKCHCVPSGTVGNKDECPCYRDMKNSKGQPKCP,Inferred from homology,unreviewed,1.0,Snakins
A0A0D2SLD0,A0A0D2SLD0_GOSRA,Snakin-1,B456_010G024200,Gossypium raimondii (Peruvian cotton) (Gossypium klotzschianum subsp. raimondii),88,MKMVLVLFLLVSLALSSCFFEVSIAGSDFCDSKCAVRCSKAGVQDRCLKYCGICCEKCHCVPSGTFGHKDECPCYRDMKNSKGKSKCP,Inferred from homology,unreviewed,1.0,Snakins
A0A5D2LGM1,A0A5D2LGM1_GOSTO,Snakin-1,ES332_D04G196800v1,Gossypium tomentosum (Hawaiian cotton) (Gossypium sandvicense),90,MKLLFLTLLLCSLLLCSSVFAPTMAQPRSPFCEGKCKGRCNKAAVWDRCFKYCGICCEECQCVPSGTYGNKHECPCYRDKVNNKSKPKCP,Inferred from homology,unreviewed,1.0,Snakins
A0A9D5CYJ2,A0A9D5CYJ2_9LILI,Snakin-1,J5N97_010341,Dioscorea zingiberensis,67,MAGSAFCDSKCKVRCSKASVKDRCLKYCGICCKDCNCVPSGTYGNKDECPCYKNKVTNDKKKKPKCP,Inferred from homology,unreviewed,1.0,Snakins
A0AAE1X7D1,A0AAE1X7D1_9LAMI,Snakin-1,Sango_0672400,Sesamum angolense,93,MKVQQLFSAALTLLLLIDLVLITSSLTLPAASSDCDEKCGVRCSKAGVKDRCLKYCGICCEECKCVPSGTYGNKHECPCYRDKKNSKGKPKCP,Inferred from homology,unreviewed,1.0,Snakins
A0A087HAX5,A0A087HAX5_ARAAL,Snakin-1,AALP_Aa3g223500,Arabis alpina (Alpine rock-cress),63,MGVYCGSRCRGRCAKAGFQDRCLKYCGICCRQCKCVPSGTFGNKHQCPCYRDKLSSKGKPKCP,Inferred from homology,unreviewed,1.0,Snakins
A0A8T2UIF9,A0A8T2UIF9_CERRI,Snakin-2,KP509_07G011000,Ceratopteris richardii (Triangle waterfern),85,MLRKEAFLQYTSILTCVFFVRSMPDCTAACDYRCSESSHPNGCKRACGTCCIRCNCVPPGTSGNQQACGVCYARQKGPDGNPKCP,Inferred from homology,unreviewed,1.0,Snakins
M5VLG1,M5VLG1_PRUPE,Snakin-1,PRUPE_8G138600,Prunus persica (Peach) (Amygdalus persica),91,MKFYFPLLLLLCFLLLGSSLMDPAMAQAKSKYCSDKCSTRCAVAGVQDRCIKYCGICCEECKCVPSGTYGNKHECPCYRDKKNKKGKPKCP,Inferred from homology,unreviewed,1.0,Snakins
A0A067D4T6,A0A067D4T6_CITSI,Snakin-1,CISIN_1g037233mg,Citrus sinensis (Sweet orange) (Citrus aurantium var. sinensis),88,MKLALVTFLLVSLVVTSTFFEVSMAGSDFCDSKCAVRCSKAGREDRCLKYCGICCDKCHCVPSGTYGHKDECPCYRDLKNSKGKPKCP,Inferred from homology,unreviewed,1.0,Snakins
A0A835HRB1,A0A835HRB1_9MAGN,Snakin-1,IFM89_022113,Coptis chinensis,90,MRFFGPTFLLSTLLLATSVLQPTLVGSGSSYCDKKCSYRCALAGVSDRCLKYCGICCMECKCVPSGTFGNKHECPCYRDKKSSKGHPKCP,Inferred from homology,unreviewed,1.0,Snakins
A0A9D5HEM3,A0A9D5HEM3_9LILI,Snakin-1,J5N97_015709,Dioscorea zingiberensis,92,MKLLFSATFLLILLLFTSSYLQATMAEGSPFCDTKCQVRCSKASVHDRCVFYCGLCCKECNCVPSGTYGNKDECPCYRDKVTDDDKKKPKCP,Inferred from homology,unreviewed,1.0,Snakins
A0AAD3SVN1,A0AAD3SVN1_NEPGR,Snakin-1,Nepgr_019806,Nepenthes gracilis (Slender pitcher plant),90,MKLAFATLLMLLLSLVSSSFIQTTMAAASGSCGKKCGVRCSKAGMKDRCIKYCGICCLQCNCVPSGTYGNKHECPCYMNKKNSKGKPKCP,Inferred from homology,unreviewed,1.0,Snakins
A0AAD4SNK7,A0AAD4SNK7_9MAGN,Snakin-1,MKW98_003233,Papaver atlanticum,87,MKPVFAALLCVALLLNFSFLQTTMADGFCDTKCNQRCAKAGRQDRCLKYCGICCEDCRCVPSGTYGNKDECPCYRDKKNSKGGPKCP,Inferred from homology,unreviewed,1.0,Snakins
A0AAF1ASI4,A0AAF1ASI4_DAUCS,Snakin-1,DCAR_0309995,Daucus carota subsp. sativus (Carrot),87,MKFVLASLLVLALVLGQSLQTTMAGSSFCDSKCAVRCSKAGVQDRCLKYCGICCEACHCVPSGTYGHKDECPCYRDMKNSKGKPKCP,Inferred from homology,unreviewed,1.0,Snakins
A0AAP0S2E1,A0AAP0S2E1_LIQFO,Snakin-1,L1049_025015,Liquidambar formosana (Formosan gum),71,MAAGPPIVSPSLCGKRCGERCSKAKEEARCLKYCGICCKECKCVPSGTYGNKAECPCYMNLKNSKGESKCP,Inferred from homology,unreviewed,1.0,Snakins
A0AAV9AUR2,A0AAV9AUR2_ACOGR,Snakin-1,QJS04_geneDACA006317,Acorus gramineus (Dwarf sweet flag),90,MQHISSTTLVFLLLLLASSFLHEASAASEVCHSKCKVRCSKAGVWDRCFKYCLDCCDVCKECVPSGTYGNKDECPCYRDRVNRKGQSKCP,Inferred from homology,unreviewed,1.0,Snakins
A0ABQ7V4U6,A0ABQ7V4U6_SOLTU,Snakin-1,KY290_022569,Solanum tuberosum (Potato),65,MAGSNFCDSKCKLRCSKAGLADRCLKYCGICCEECKCVPSGTYGNKHECPCYRDKKNSKGKSKCP,Inferred from homology,unreviewed,1.0,Snakins
A0A251MXP8,A0A251MXP8_PRUPE,Snakin-1,PRUPE_8G138400,Prunus persica (Peach) (Amygdalus persica),89,MKLHFPLLLLLLCFILLSSSLMDPAMAQAKSGYCSDECSTRCAVAGVQDRCIEYCGICSEECKCVPSGNYGNKHECPCNKNKKGKHKCP,Inferred from homology,unreviewed,1.0,Snakins
A0A445F4J7,A0A445F4J7_GLYSO,Snakin-1,D0Y65_053978,Glycine soja (Wild soybean),90,MKLVFGTLILCSLLLSFSFLEPVIAYEDSSYCSNKCADRCSSAGVKDRCVKYCGICCAECKCVPSGTYGNKHECPCYRDKLNKKGKPKCP,Inferred from homology,unreviewed,1.0,Snakins
A0A4P1RP76,A0A4P1RP76_LUPAN,Snakin-1,TanjilG_30619,Lupinus angustifolius (Narrow-leaved blue lupine),88,MKLVYANVILVFLLLCSSMLQVSMAASDFCDSKCLVRCSKAGVQDRCLRYCGICCEKCSCVPSGTYGNKDECPCYRDIKNSKGQDKCP,Inferred from homology,unreviewed,1.0,Snakins
A0A6A1VPA9,A0A6A1VPA9_9ROSI,Snakin-1,CJ030_MR5G023019,Morella rubra (Chinese bayberry),90,MKPVFSTFLLVCLVLSASFFEATMAGSTGFDCDSKCKVRCSKAGVQDRCLKYCGICCEKCKCVPSGTYGNKNECPCYRDYKNSKGKAKCP,Inferred from homology,unreviewed,1.0,Snakins
A0A830BRP8,A0A830BRP8_9LAMI,Snakin-1,PHJA_001004600,Phtheirospermum japonicum,66,CLCAANYCGTNCNARCAVAGVKDRCLKYCGICCTICKCVPSGTYGNKHQCPCYRDMRSSKGKPKCP,Inferred from homology,unreviewed,1.0,Snakins
A0A843VTY5,A0A843VTY5_COLES,Snakin-1,Taro_027305,Colocasia esculenta (Wild taro) (Arum esculentum),90,MKLQTFSALALLVLLLTSSYLQTAMAGSVFCDTKCKTRCSKAGRRDRCLLYCGICCKSCNCVPSGTYGNMDECPCYRDKLTSDGRKHKCP,Inferred from homology,unreviewed,1.0,Snakins
A0A8J4VS64,A0A8J4VS64_9ROSI,Snakin-1,CMV_015924,Castanea mollissima (Chinese chestnut),88,MKLFFATLLLCTLLLSSSFLEPAMAKSGFCTKKCANRCSKAAVQDRCKKYCGICCEECKCVPSGTFGNKHECPCYRDKKNNKGKPKCP,Inferred from homology,unreviewed,1.0,Snakins
A0A8T1QE99,A0A8T1QE99_CARIL,Snakin-1,CIPAW_05G014000,Carya illinoinensis (Pecan),88,MKLFFATLLLCSLLLSSSFLEPAMAQSGFCSNKCKSRCAKAAVQDRCMKYCGICCEQCKCVPSGTYGNKHECACYRDKRNSKGKPKCP,Inferred from homology,unreviewed,1.0,Snakins
A0A9Q1M767,A0A9Q1M767_ANIAC,Snakin-1,K7X08_033716,Anisodus acutangulus,90,MKLAVMTLLIVSHVLFSSFLQPTVAYDDPSSCASKCAVRCEKAGIEKRCLTYCGICCNKCKCVPSGNYGNKSECPCYRDMLNSKGKPKCP,Inferred from homology,unreviewed,1.0,Snakins
A0A9R1AR27,A0A9R1AR27_TRITD,Snakin-1,TRITD_5Bv1G203020,Triticum turgidum subsp. durum (Durum wheat) (Triticum durum),94,MKLRPTAATVALLLFLLLASSSLRAAMAGSAFCDGKCGVRCSKASRHDDCLKYCGICCAECNCVPSGTAGNKDECPCYRDKTTGQGARKRPKCP,Inferred from homology,unreviewed,1.0,Snakins
A0AAD9ZTG0,A0AAD9ZTG0_9ROSI,Snakin-1,Dsin_024275,Dipteronia sinensis,67,MGTVDSGFCGNKCGERCKKAGVVDRCLKYCGICCEECKCVPSGTYGNKHECPCYRDKLNSKGKPKCP,Inferred from homology,unreviewed,1.0,Snakins
A0AAE1WY08,A0AAE1WY08_9LAMI,Snakin-1,Sango_0912900,Sesamum angolense,88,MKSRLFVACLLLFAILLTIHPTIAYSGDYCKRGCESRCAVAGVKDRCLKYCGICCAKCKCVPAGTYGNKHQCPCYRDMRNSKGTPKCP,Inferred from homology,unreviewed,1.0,Snakins
A0AAV0MZY8,A0AAV0MZY8_9ROSI,Snakin-1,LITE_LOCUS31016,Linum tenue,90,MKSVTASTLLLLCLLLASSVFDVTVAAGSGICDSKCGARCAKAGVMDRCLKYCGICCDKCQCVPSGTYGNKHECPCYRDLKNSKGKPKCP,Inferred from homology,unreviewed,1.0,Snakins
A0AAV6ID93,A0AAV6ID93_9ERIC,Snakin-1,RHGRI_031635,Rhododendron griersonianum,89,MKLGFATFLLVVALLLSSSFLETAMAGSSFCGSKCSVRCSKAGRKDRCLKYCGICCDKCHCVPSGTYGNKDECPCYRDMKNSKGKPKCP,Inferred from homology,unreviewed,1.0,Snakins
A0AAV8QEF8,A0AAV8QEF8_ENSVE,Snakin-1,OPV22_019677,Ensete ventricosum (Abyssinian banana) (Musa ensete),91,MKLFSAATLLLLLVLTSSYLHASMAADSAFCKSKCKVRCAKAGVMDRCLNYCGMCCEECKCVPSGTYGNKDECPCYRDKVTKDEKRKSKCP,Inferred from homology,unreviewed,1.0,Snakins
A0AAV9LLN5,A0AAV9LLN5_9SOLN,Snakin-1,R3W88_031571,Solanum pinnatisectum (tansyleaf nightshade),88,MKLSFATLLLVTLVLTSFFIPSTIAGSDFCDSKCNIRCSKAGRQDRCLKYCGICCEECHCVPSGTYGHKDECPCYRDKKNSKGGPKCS,Inferred from homology,unreviewed,1.0,Snakins
A0AAW1GZN9,A0AAW1GZN9_SAPOF,Snakin-1,RND81_13G193000,Saponaria officinalis (Common soapwort) (Lychnis saponaria),98,MKVVKASVLVVTILLFIPFLHPAMALANGTESEVVSNSGCWSRCGGRCSKTEVKGRCMKYCSICCQKCNCVPSGTFGNKHECPCYRDWLNSKGKPKCP,Inferred from homology,unreviewed,1.0,Snakins
A0ABC8UJE6,A0ABC8UJE6_9AQUA,Snakin-1,ILEXP_LOCUS51189,Ilex paraguariensis (yerba mate),89,MKKLFFATMLLLALLLGTSFIESSMAKSVFCDRKCKARCKKAGVMDRCLTYCGICCSKCKCVPSGTYGNKHQCPCYRDMRNSKGKPKCP,Inferred from homology,unreviewed,1.0,Snakins
A0ABD3TTN9,A0ABD3TTN9_9LAMI,Snakin-1,ACJIZ3_025047,Penstemon smallii,88,MKLILATWLLATLVVASSLVHTTIAESSYCENKCGERCSKAGVQDRCLKYCGICCEECQCVPSGTYGNKEECPCYRDKLNSKGKPKCP,Inferred from homology,unreviewed,1.0,Snakins
A0ABQ9A6C0,A0ABQ9A6C0_9ROSI,Snakin-1,OIU77_009827,Salix suchowensis,88,MKPVFAAIFLVCLVFSSSLFEVTMASTGFCGSKCEARCSKAGVKDRCLKYCGICCEKCKCVPSGTYGNKHECPCYRDMKNSKGKPKCP,Inferred from homology,unreviewed,1.0,Snakins
A0ABR0U195,A0ABR0U195_REHGL,Snakin-1,DH2020_049985,Rehmannia glutinosa (Chinese foxglove),95,MKVKLFATLLLLTLVLNSSFPQTTMASSISHLWEGYCDKKCGERCSKAGIQDRCLKYCGICCEECNCVPSGTYGNKHECPCYRDKKNSKGKPKCP,Inferred from homology,unreviewed,1.0,Snakins
A0ABR0XJC7,A0ABR0XJC7_REHGL,Snakin-1,DH2020_006560,Rehmannia glutinosa (Chinese foxglove),90,MNKSLLLVSILLFTILISNSFIQPTMSQSFYCANSCKLRCAVAGVKERCLKYCGICCAKCKCVPSGTYGNKHQCPCYRDMRSSKGKPKCP,Inferred from homology,unreviewed,1.0,Snakins
A0ABR0XN94,A0ABR0XN94_REHGL,Snakin-1,DH2020_004018,Rehmannia glutinosa (Chinese foxglove),94,MKVVFATLLLVTLVLTSSLIDTTMALSIFFFGEGYCEKKCGVRCSKAGVKDRCLKYCGICCEECKCVPSGTYGNKHECPCYRDKKNNKGKPKCP,Inferred from homology,unreviewed,1.0,Snakins
A0A5N5JPR6,A0A5N5JPR6_9ROSI,Snakin-1,DKX38_025025,Salix brachista,72,MKLFLAALLLCSLLLSSSFLEPVMANSSFCAKKCSTRCANAGIQDRCLKYCGICCEQCKCVPSGTYGNKHEL,Inferred from homology,unreviewed,1.0,Snakins
A0A6A1VAT2,A0A6A1VAT2_9ROSI,Snakin-1,CJ030_MR6G020067,Morella rubra (Chinese bayberry),89,MKPVFSTFLLVCLVLSASFFEATMAGSSFDCDSKCKVRCSKAGVQDRCLKYCGICCEKCKCVPSGTYGNKNECPCYRDYKNSKGKAKCP,Inferred from homology,unreviewed,1.0,Snakins
A0A6A4LLX3,A0A6A4LLX3_9ERIC,Snakin-1,C3L33_09328,Rhododendron williamsianum,88,MKVALATFLVVSLVLSSSLLETAMAGSSFCDSKCGVRCSKAGRQDRCLKYCGICCEECNCVPSGTYGNKDECPCYRDKKNSKGNPKCP,Inferred from homology,unreviewed,1.0,Snakins
A0A6A4LR08,A0A6A4LR08_9ERIC,Snakin-2,C3L33_07672,Rhododendron williamsianum,81,KNGVPVAHSSSGCDLLRCPADCGGLCKERCSLHSRPNVCSRACGTCCVRCKCVPPGTSGNREICGKCYTDMTTHGNKTKCP,Inferred from homology,unreviewed,1.0,Snakins
A0A8J4V5H2,A0A8J4V5H2_9ROSI,Snakin-1,CMV_024960,Castanea mollissima (Chinese chestnut),88,MKLVFATFLLVCLVLSSSFFEATMAGSSFCDSKCQVRCSKAGIQDRCLKYCGVCCEKCQCVPSGTYGNKDECPCYRDLKNSKGKGKCP,Inferred from homology,unreviewed,1.0,Snakins
A0A8K0H646,A0A8K0H646_9ROSA,Snakin-1,FNV43_RR11761,Rhamnella rubrinervis,92,MKLVFTTFLLVCLVFSSSFFEATMAGSEFCDTKCSERCAKAGVQDRCLKYCGICCEKCKCVPSGTYGNKHECACYRDLKNSRASPSALRFPF,Inferred from homology,unreviewed,1.0,Snakins
A0A9Q1L7L0,A0A9Q1L7L0_ANIAC,Snakin-1,K7X08_036861,Anisodus acutangulus,89,MKRLLVAFMLVFALLLTSSFLEPATAKSVYCTQKCKGRCSKAGLNDRCVKYCELCCEKCKCVPSGTYGNKHQCPCYRDLKNSKGKPKCP,Inferred from homology,unreviewed,1.0,Snakins
A0A9R0TZ65,A0A9R0TZ65_TRITD,Snakin-1,TRITD_5Av1G206750,Triticum turgidum subsp. durum (Durum wheat) (Triticum durum),96,MTMKLRPTATTVALLLFLLLASSSLRAAMAGSAFCDSKCGVRCSKAGRHDDCLKYCGICCAQCNCVPSGTAGNKDECPCYRDKTTGQGARKRPKCP,Inferred from homology,unreviewed,1.0,Snakins
A0AA88QPA5,A0AA88QPA5_9ASTE,Snakin-1,RJ640_018674,Escallonia rubra,90,MKIKISLFSLLLLSLLLATSFIQPTMAGSGFCAGKCKDRCSKAGVADRCLKYCGICCEQCKCVPSGTYGNKHECPCYRDKRSPKGKPKCP,Inferred from homology,unreviewed,1.0,Snakins
A0AA88W0G7,A0AA88W0G7_9ASTE,Snakin-1,RJ639_005909,Escallonia herrerae,86,MRPAFVLLLVLVLSSFILQRTVADSSFCGTKCAARCSKAAVQDRCLKYCGICCEECNCVPSGTYGNKHECPCYRDKKNSKGKPKCP,Inferred from homology,unreviewed,1.0,Snakins
A0AAE1RZQ6,A0AAE1RZQ6_9SOLA,Snakin-1,RND71_019594,Anisodus tanguticus,95,MKLAVMTLLIVSLVLFSSFLQPTVAYDDPNLYCVGSCASKCAVRCEKAGIEKRCLTYCGICCNKCKCVPSGNYGNKSECPCYRDILNSKGKPKCP,Inferred from homology,unreviewed,1.0,Snakins
A0AAN7F5Q5,A0AAN7F5Q5_QUERU,Snakin-1,RGQ29_022473,Quercus rubra (Northern red oak) (Quercus borealis),96,MKPVLAILLLVSMFLSFSFLQFTMAESTTGDAPIPSFCDSKCGVRCANAGVKDRCIRYCGVCCQQCNCVPSGTYGNKSECPCYRDKLNSKGNPKCP,Inferred from homology,unreviewed,1.0,Snakins
A0AAU9MIC8,A0AAU9MIC8_9ASTR,Snakin-1,LVIROSA_LOCUS11592,Lactuca virosa,89,MKSFVATFTIMGLVILSSSLLQITMADSSFCDSKCAMRCSKAGLQDRCLKYCGICCQECNCVPSGTYGHKDQCPCYRDKKNSKGQPKCP,Inferred from homology,unreviewed,1.0,Snakins
A0AAV0MZN0,A0AAV0MZN0_9ROSI,Snakin-1,LITE_LOCUS30950,Linum tenue,89,MKSVTAATLLLLCLLLASSVFEVAVAGSGICDSKCGARCAKAGVMDRCLKYCGICCDKCQCVPSGTYGNKHECPCYRDLKNSKGKPKCP,Inferred from homology,unreviewed,1.0,Snakins
A0AAW1KEU9,A0AAW1KEU9_SAPOF,Snakin-1,RND81_06G192600,Saponaria officinalis (Common soapwort) (Lychnis saponaria),92,MNHNMKLLFVTLLLFSLIFASTVVAQVDAQSAMCDSKCKVRCSKAGVQDRCLKYCNICCSKCNCVPSGTYGNKHECPCYRDLKNNKGKPKCP,Inferred from homology,unreviewed,1.0,Snakins
A0AAW2E410,A0AAW2E410_9ROSI,Snakin-1,SO802_004586,Lithocarpus litseifolius,88,MKLASAAFLLVCLVLSSSFFEATMAGSSFCDSKCQVRCSKAGIQDRCLKYCGVCCEKCQCVPSGTSGNKDECPCYRDIKNSKGKSKCP,Inferred from homology,unreviewed,1.0,Snakins
A0ABQ9BH95,A0ABQ9BH95_9ROSI,Snakin-1,OIU77_028275,Salix suchowensis,89,MKPGFAAIFLVCLVLISSSLFEVTMAGSGFCDSKCQVRCSKAGNKERCLKYCGICCEKCKCVPSGTYGNKNECPCYRDMKNTKGKPKCP,Inferred from homology,unreviewed,1.0,Snakins
A0ABR0U400,A0ABR0U400_REHGL,Snakin-1,DH2020_049300,Rehmannia glutinosa (Chinese foxglove),94,MKPWIAILLLVTLILSSSFLESTATSYSISNCEGFCDSKCGVRCSKAGLKKRCIKYCGICCAACNCVPSGTYGNKSECPCYMNKLNSKGKPKCP,Inferred from homology,unreviewed,1.0,Snakins
B9GHU8,B9GHU8_POPTR,Snakin-1,POPTR_001G297700,Populus trichocarpa (Western balsam poplar) (Populus balsamifera subsp. trichocarpa),88,MKLFFAALLLCSLLFSSSFLEPVMAKSSFCTKKCNTRCANAGIQDRCLKYCGICCEQCKCVPSGTYGNKHECPCYRDKRNSKGKPKCP,Inferred from homology,unreviewed,1.0,Snakins
B9HS89,B9HS89_POPTR,Snakin-1,POPTR_009G092600,Populus trichocarpa (Western balsam poplar) (Populus balsamifera subsp. trichocarpa),89,MKKLFFATLLLCSLLFSSSFLEPVMAKSSFCAKKCETRCANAGIQDRCLKYCGICCEQCKCVPSGTYGNKHECPCYRDKRNSKGKPKCP,Inferred from homology,unreviewed,1.0,Snakins
A0A8T3C919,A0A8T3C919_DENNO,Snakin-1,KFK09_003067,Dendrobium nobile (Orchid),67,MYTAFCDGKCKVRCSKAGVQDRCLKYCGVCCAECNCVPSGTYGNKDECPCYRDKYTGEGKRRRPKCP,Inferred from homology,unreviewed,1.0,Snakins
A0A9D5CI47,A0A9D5CI47_9LILI,Snakin-1,J5N97_015741,Dioscorea zingiberensis,92,MKLLFSATFLLMLLLFTSSYLQATMAEGSPFCDTKCQVRCSKASVHDRCVFYCGICCKECNCVPSGTYGNKDECPCYRDKVTDDNKKKPKCP,Inferred from homology,unreviewed,1.0,Snakins
A0AA88QTC7,A0AA88QTC7_9ASTE,Snakin-1,RJ640_030532,Escallonia rubra,88,MKLAYITLLIVAMVLSSSLLQPTMAGPTFCRSKCAKRCSNAGYLKRCLIYCRICCNKCGCVPSGTYGNKSECACYRDMLNSKGKSKCP,Inferred from homology,unreviewed,1.0,Snakins
A0AAE1WBV3,A0AAE1WBV3_9LAMI,Snakin-1,Sango_2110700,Sesamum angolense,90,MKVQFALAALLLLTLVLSSSLIDTTMALSSYCEEKCGVRCSKAGVKDRCLKYCGICCEEFKCVPSGTYGNKHECPCYRDKINSKGKPKCP,Inferred from homology,unreviewed,1.0,Snakins
A0AAV0N039,A0AAV0N039_9ROSI,Snakin-1,LITE_LOCUS31015,Linum tenue,73,MNGDSCGTTKRTGMCDSKCGVRCSKAGMKDRCLKYCGICCDKCQCVPSGTYGNKDECPCYRDMKNSKGKPKCP,Inferred from homology,unreviewed,1.0,Snakins
A0AAV0QVS2,A0AAV0QVS2_9ROSI,Snakin-2,LITE_LOCUS44697,Linum tenue,62,ADCAPLCTGRCKLHSRPNRCNRACVSCCSKCKCVPPGTYGNREQCGTCYTGLTTKFNQPKCP,Inferred from homology,unreviewed,1.0,Snakins
A0ABC8V1D0,A0ABC8V1D0_9AQUA,Snakin-1,ILEXP_LOCUS57589,Ilex paraguariensis (yerba mate),89,MKKLFFATLLLLALLLSTSFIEATLDNSVFCGGRCKARCKKASVIDRCLKYCGICCQKCMCVPSGTYGNKHECPCYRDMRSSQGKPKCP,Inferred from homology,unreviewed,1.0,Snakins
A0ACC0HUB2,A0ACC0HUB2_9ERIC,Snakin-1,LOK49_LG05G03315,Camellia lanceoleosa,92,MAREMKLALANFLMVSLVLSSFLLQTAMADSSSCDSKCGVRCAKAGVKERCLKYCGICCQECNCVPSGTYGNKHECPCYRDKKNSKGKPKCP,Inferred from homology,unreviewed,1.0,Snakins
B9MVY8,B9MVY8_POPTR,Snakin-1,POPTR_014G020100,Populus trichocarpa (Western balsam poplar) (Populus balsamifera subsp. trichocarpa),88,MKPVFAAIFLLCLVFSSSLFEVTMAASGFCDSKCSVRCSKAGIKDRCLKYCGICCEKCKCVPSGTYGNKHECPCYRDMKNSKGKPKCP,Inferred from homology,unreviewed,1.0,Snakins
A0A5N5KDA5,A0A5N5KDA5_9ROSI,Snakin-1,DKX38_020474,Salix brachista,88,MKPVYAAIFLACLVFSSSLFEVTMASSGFCGSKCEARCSKAGVKDRCLKYCGICCEKCKCVPSGTYGNKHECPCYRDMKNSKGKPKCP,Inferred from homology,unreviewed,1.0,Snakins
A0A5N6PA69,A0A5N6PA69_9ASTR,Snakin-1,E3N88_10332,Mikania micrantha (bitter vine),67,MTMADSSFCDSKCAVRCSKAGRQDRCLKYCGICCEECHCVPSGTYGHKDECPCYRDKKNSKDEPKCP,Inferred from homology,unreviewed,1.0,Snakins
A0A834L4A9,A0A834L4A9_RHOSS,Snakin-1,RHSIM_RhsimUnG0126700,Rhododendron simsii (Sims's rhododendron),89,MKKLLFATLLVFALLLSSSFLEPIMAQSLYCAKKCEGRCARAGVKDRCMKYCGICCAECKCVPSGTYGNKHECPCYRDKVSSKGKPKCP,Inferred from homology,unreviewed,1.0,Snakins
A0A835JFP4,A0A835JFP4_9ROSI,Snakin-1,SADUNF_Sadunf14G0010700,Salix dunnii,88,MKPVFAAIFLACLVFSSSLLEVTMAASGFCDSKCEARCSKAGIKDRCLKYCGICCEKCKCVPSGTYGNKHECPCYRDMKNSKGKPKCP,Inferred from homology,unreviewed,1.0,Snakins
A0A843W3C0,A0A843W3C0_COLES,Snakin-1,Taro_031509,Colocasia esculenta (Wild taro) (Arum esculentum),93,MKLLPTTLAFLVLLLASSYLQAAMAGSVFCDTKCKARCAKASVHDRCLFNCGVCCKACNCVPSGTYGNKDECPCYRDKVTSGSGKRIKKPKCP,Inferred from homology,unreviewed,1.0,Snakins
A0A8K0MEW5,A0A8K0MEW5_9ROSA,Snakin-1,FNV43_RR13228,Rhamnella rubrinervis,88,MKLVFTTFLLVCLVFSSSFFEATMAGSEFCDTKCSERCAKAGVQDRCLKYCGICCEKCKCVPSGTYGNKHECACYRDLKNSKGKSKCP,Inferred from homology,unreviewed,1.0,Snakins
A0A8T1N3P9,A0A8T1N3P9_CARIL,Snakin-1,CIPAW_16G033400,Carya illinoinensis (Pecan),89,MKLVFAIFLLVCFALISSSFFQTTEAGSSFCDSKCGERCAKAGVQERCLKYCGICCEKCQCVPSGTYGNKHECACYRDLKNSKGKSKCP,Inferred from homology,unreviewed,1.0,Snakins
A0A9Q0CP97,A0A9Q0CP97_9POAL,Snakin-1,LUZ63_005955,Rhynchospora breviuscula,89,MKILSFTLALMLLLLTSSYLQSTMAASDFCNSKCNGRCSAAGKTQRCMRYCLMCCQECKCVPSGTYGNKDECPCYRDKVSPITKRAKCP,Inferred from homology,unreviewed,1.0,Snakins
A0AA41SBQ2,A0AA41SBQ2_PAPNU,Snakin-1,MKW94_013864,Papaver nudicaule (Iceland poppy),98,MKIFLVALVLSSLVLSSTFLVQTTSAATPAPVDASLLSFCNSKCADRCAAAGVKDRCLNYCGICCKECKCVPHGTYGNKDDCPCYRDKKNSKGKGKCP,Inferred from homology,unreviewed,1.0,Snakins
A0AA86VSQ8,A0AA86VSQ8_9FABA,Snakin-1,AYBTSS11_LOCUS24795,Sphenostylis stenocarpa,88,MKVAFAAVLLLCLVLSSSFFQVSTASSAFCTSKCARRCAKAGMKDRCMKFCGICCSKCRCVPSGTYGNKHECPCYRDLKNSKGKGKCP,Inferred from homology,unreviewed,1.0,Snakins
A0AA88UHY7,A0AA88UHY7_9ASTE,Snakin-1,RJ640_006912,Escallonia rubra,86,MRPAFVLLLVLVLASFLLQTTVADSSFCGTKCAARCSKAAVQDRCLKYCGICCEECKCVPSGTYGNKHECPCYRDKKNSKGKPKCP,Inferred from homology,unreviewed,1.0,Snakins
A0AAE1QSD0,A0AAE1QSD0_9SOLA,Snakin-1,RND71_042380,Anisodus tanguticus,89,MMKLNFATLFLVTLVLTSFFISSAIAGSDFCDSKCQIRCSKAGQQDRCLKYCGICCEDCHCVPSGTYGNKDECPCYRDKKNSKGGPKCP,Inferred from homology,unreviewed,1.0,Snakins
A0AAV6I3H1,A0AAV6I3H1_9ERIC,Snakin-2,RHGRI_034473,Rhododendron griersonianum,100,MVSRWLILVAIVIFCVAQVSSDAEIEEHHTQVLSAPHTHHCGGLCKERCSVHSRPNVCSRACGTCCVRCKCVPPGTSGNREICGKCYTDMTTHGNRTKCP,Inferred from homology,unreviewed,1.0,Snakins
A0AAV7HL83,A0AAV7HL83_DENCH,Snakin-1,IEQ34_002394,Dendrobium chrysotoxum (Orchid),97,MKLFSARLSFPLLLLLLVGLLLAPYFQQMASASAFCDGKCEVRCSKAGVQDRCLKYCGICCAECNCVPSGTYGNKDECPCYRDMYTGEGKRRRSKCP,Inferred from homology,unreviewed,1.0,Snakins
A0AAV8QTG7,A0AAV8QTG7_ENSVE,Snakin-1,OPV22_022071,Ensete ventricosum (Abyssinian banana) (Musa ensete),91,MKLLHPALVILLILFTSSCAQLAMAGSAFCDSKCTVRCSKASLQDRCLKFCGLCCEACRCVPSGTYGNKDECPCYRDKYTGVGKRRRPKCP,Inferred from homology,unreviewed,1.0,Snakins
A0AAV9LLN6,A0AAV9LLN6_9SOLN,Snakin-1,R3W88_031572,Solanum pinnatisectum (tansyleaf nightshade),88,MKLSFATLLLVTLVLTYFFIPPTIAGSDFCDSKCNIRCSKAGRQDKCLKYCGICCQECHCVPSGTYGHKDECPCYRDKKNSKGGPKCP,Inferred from homology,unreviewed,1.0,Snakins
A0ABC8RM16,A0ABC8RM16_9AQUA,Snakin-1,ILEXP_LOCUS11433,Ilex paraguariensis (yerba mate),88,MKPAFATLLIVSLLLSFSFLQTTMAYSSFCKYKCSVRCSKAGLKKRCMKYCGICCAACNCVPSGTYGNKSECPCYMNKLNSKGKSKCP,Inferred from homology,unreviewed,1.0,Snakins
A0ABD2YFV9,A0ABD2YFV9_9GENT,Snakin-1,ACH5RR_034921,Cinchona calisaya,88,MKLVFFTLLHLALVLSSSFISTTIAGSSFCDSKCGVRCSKAGLKDRCLKYCGICCKDCKCVPSGTYGNKHECPCYRDKKNSKGQPKCP,Inferred from homology,unreviewed,1.0,Snakins
V7BBX2,V7BBX2_PHAVU,Snakin-1,PHAVU_007G042400g,Phaseolus vulgaris (Kidney bean) (French bean),90,MKLLFATLLLCSLLLSSSFLESAMAYEESSYCSSKCSDRCSAAGVKDRCLKYCGICCAECKCVPSGTYGNKHECPCYRDKLNKKGKPKCP,Inferred from homology,unreviewed,1.0,Snakins
A0A5C7I3R3,A0A5C7I3R3_9ROSI,Snakin-1,EZV62_011167,Acer yangbiense,92,MKLLFATLLLLCSFLLLSSSLLVPVMGVVDSGYCGNKCGERCKKAGVMDRCLKYCGICCEECKCVPSGTYGNKHECPCYRDKLNNKGKPKCP,Inferred from homology,unreviewed,1.0,Snakins
A0A8J5Z148,A0A8J5Z148_9ROSI,Snakin-1,CXB51_007200,Gossypium anomalum,90,MKILFATLLVCFLLLCSSILEPVMAQPRSPSCAGKCKARCRKAAVWERCFKYCGICCEKCKCVPSGTYGNKHECPCYRDMVTNKGRPKCP,Inferred from homology,unreviewed,1.0,Snakins
A0A9Q0VPB5,A0A9Q0VPB5_SALVM,Snakin-1,OIU85_001662,Salix viminalis (Common osier) (Basket willow),88,MKLFSAALLLCSLLLSSSFLEPVLANSSFCAKKCSTRCANAGIQDRCLKYCGICCEQCKCVPSGTYGNKHECPCYRDKKNSKGKPKCP,Inferred from homology,unreviewed,1.0,Snakins
A0A9W7JK58,A0A9W7JK58_HIBTR,Snakin-1,HRI_005202200,Hibiscus trionum (Flower of an hour),88,MKLVFLICLLVSLILSSSFFEASMAGSAFCNSKCGVRCSKAGVRDRCLKYCGICCEKCHCVPSGTFGHRDECPCYRDMKNSKGNPKCP,Inferred from homology,unreviewed,1.0,Snakins
A0AA39AF00,A0AA39AF00_VITRO,Snakin-1,PVL29_003303,Vitis rotundifolia (Muscadine grape),88,MKHLFPTLLLLSLLLHSCFSQPTTDGAGFCGLKCSKRCSKAAVLDRCMKYCGICCQECKCVPSGTYGNKHECPCYRDKKNSKGKPKCP,Inferred from homology,unreviewed,1.0,Snakins
A0AAP0DF89,A0AAP0DF89_9ASTR,Snakin-1,SSX86_007740,Deinandra increscens subsp. villosa,89,MKPFVSTFMLITFVLLSYSLLPITMAGSSFCDSKCAVRCSKAREHNRCLEYCGICCEECHCVPSGTYGHRDECPCYRDKKNSRGEPKCP,Inferred from homology,unreviewed,1.0,Snakins
A0AAP0DLW2,A0AAP0DLW2_9ASTR,Snakin-1,SSX86_007742,Deinandra increscens subsp. villosa,89,MKPFVSTFMLITLILLSYYLLPITMAGSSFCDSKCTVRCSKAGVHDRCLKYCGICCEECQCVPSGTYGHKDECPCYRDKKNSKGEPKCP,Inferred from homology,unreviewed,1.0,Snakins
A0ABQ8H917,A0ABQ8H917_9ROSI,Snakin-2,JRO89_XS13G0188800,Xanthoceras sorbifolium,94,MSKFDTWVVFSCCCLFDLKLLVRGGNRRLMQDIDCGGLCKQRCSLHSRPNLCNRACGTCCVRCKCVPPGTSGNREVCGSCYTDMTTHGNRTKCP,Inferred from homology,unreviewed,1.0,Snakins
A0ABR2NJJ6,A0ABR2NJJ6_9ROSI,Snakin-1,V6N11_074231,Hibiscus sabdariffa (roselle),88,MKLFMVVCLLVSLILSSSFLEMSMAGSAFCDSKCAVRCSKAGVKDRCLEYCGICCEKCHCVPSGTFGHKDECPCYRDMKNSKGNPKCP,Inferred from homology,unreviewed,1.0,Snakins
A0ABR2QL90,A0ABR2QL90_9ROSI,Snakin-1,V6N11_083179,Hibiscus sabdariffa (roselle),90,MKLSVAALILSFLLLTPFVSEPAMAQPRSPFCDGKCKERCNKAAVWDRCFKYCGICCEECKCVPSGTYGNKHECPCYRDKVSKKGTPKCP,Inferred from homology,unreviewed,1.0,Snakins
A0A540MR79,A0A540MR79_MALBA,Snakin-1,C1H46_013110,Malus baccata (Siberian crab apple) (Pyrus baccata),88,MKLYFPLLCFLLLTSSFMDPAMALATSPYCSDKCSTRCAVAGVQDRCIKYCGICCEACKCVPSGTYGNKHECPCYRDKKNDKGKPKCP,Inferred from homology,unreviewed,1.0,Snakins
A0A7J8MSJ3,A0A7J8MSJ3_9ROSI,Snakin-1,Golob_005193,Gossypium lobatum,99,MKMVLVLFLLVSLALSSCFFEVSIAGSALLVHGLYGIADFCGSKCAVRCSKAGVQDRCLKYCGICCEKCHCVPSGTFGHKDECPCYRDMKNSKGKSKCP,Inferred from homology,unreviewed,1.0,Snakins
A0A7J8VEN3,A0A7J8VEN3_9ROSI,Snakin-1,Goklo_005578,Gossypium klotzschianum,99,MKMVLVLFLLVSLALSSCFFEVSIAGSALLVHGLYGIADFCDSKCAMRCSKAGVQDRCLKYCGICCEKCHCVPSGTFGHKDECPCYRDMKNSKGKSKCP,Inferred from homology,unreviewed,1.0,Snakins
A0A8S0P919,A0A8S0P919_OLEEU,Snakin-2,OLEA9_A027780,Olea europaea subsp. europaea,92,MSGLQVSSDVEIEDQQKLVTRGANRRLLPFMDCGGLCKVRCSLHSRPNLCSRACGTCCVRCKCVPPGTSGNREMCGTCYTDMTTHGNRTKCP,Inferred from homology,unreviewed,1.0,Snakins
A0A8X8CPA1,A0A8X8CPA1_POPTO,Snakin-1,POTOM_034549,Populus tomentosa (Chinese white poplar),89,MKKLFFATLLLCSLLFSSSFLEPVMAKSSFCAKKCDTRCANAGMQDRCLKYCGICCEQCKCVPSGTYGNKHECPCYRDKRNSKGKPKCP,Inferred from homology,unreviewed,1.0,Snakins
A0A9D3ZTM8,A0A9D3ZTM8_9ROSI,Snakin-1,J1N35_029899,Gossypium stocksii,86,MKLVFVTFLLVSLILSSSLFKVSMAGFCNSKCKIRCSKAGIRARCLKYCGICCAKCKCVPSGTYGNKHECPCYRDLKNSKGKPKCP,Inferred from homology,unreviewed,1.0,Snakins
A0AAD5CHR9,A0AAD5CHR9_AMBAR,Snakin-1,M8C21_007252,Ambrosia artemisiifolia (Common ragweed),89,MKPTVATFVLLALILLNSSLLHTTMAGSSFCDSKCAMRCSKAGRKDRCLKYCGICCKDCHCVPSGTYGNKDECPCYRDKKNSKGGPKCP,Inferred from homology,unreviewed,1.0,Snakins
A0AAN8XZ99,A0AAN8XZ99_SOLBU,Snakin-1,RDI58_028767,Solanum bulbocastanum (Ornamental nightshade),89,MMKLSFATLLLVTLILTSFFIPSTIAGSDLCDSKCNYRCSKAGRQDRCLKYCGICCAECHCVPSGTSGNKDECPCYRDKKNSKGGPKCP,Inferred from homology,unreviewed,1.0,Snakins
A0AAV9MPN3,A0AAV9MPN3_9SOLN,Snakin-1,R3W88_003639,Solanum pinnatisectum (tansyleaf nightshade),89,MKRFLVAFMLLFALLLTSSFLQPATAKSVYCAQKCGARCSKAGLMDRCVKYCELCCAKCKCVPNGTYGNKHQCPCYRDMKNSKGKPKCP,Inferred from homology,unreviewed,1.0,Snakins
A0ABD0VWT1,A0ABD0VWT1_DENTH,Snakin-1,M5K25_003062,Dendrobium thyrsiflorum (Pinecone-like raceme dendrobium) (Orchid),99,MKLFSARLSFPLLLLLLLVGLLLAPHFQQMASASALCDEKCGVRCSKAGVQDRCLKDCEICCEACNNCVPSGTYGNKDECPCYRDKYTGEGKRRRPKCP,Inferred from homology,unreviewed,1.0,Snakins
A0ABQ9M4R9,A0ABQ9M4R9_HEVBR,Snakin-1,P3X46_013774,Hevea brasiliensis (Para rubber tree) (Siphonia brasiliensis),88,MRLFFATLLLCALLLSSSFLEPAMAKSPYCTKKCKARCAKAGVKDRCIKYCGICCAECKCVPSGTYGNKHECPCYRDKKNSKGKPKCP,Inferred from homology,unreviewed,1.0,Snakins
A0A151U7M5,A0A151U7M5_CAJCA,Snakin-1,KK1_008023,Cajanus cajan (Pigeon pea) (Cajanus indicus),64,MHAAYCSSKCSDRCSAAGVKDRCLKYCGICCAECKCVPSGTYGNKHECPCYRDKLNKKGKPKCP,Inferred from homology,unreviewed,1.0,Snakins
A0A6A1VCN9,A0A6A1VCN9_9ROSI,Snakin-1,CJ030_MR6G020064,Morella rubra (Chinese bayberry),89,MKPVFSTFLLVCLVLSASFFEATKAGSSFNCDSKCKVRCSKAGVQDRCLKYCGICCEKCKCVPSGTYGNKNECPCYRDYKNSKGKAKCP,Inferred from homology,unreviewed,1.0,Snakins
A0A6A2X2J5,A0A6A2X2J5_HIBSY,Snakin-1,F3Y22_tig00112255pilonHSYRG00003,Hibiscus syriacus (Rose of Sharon),63,MAGSCSSKCKTRCSKAGVKGRCLKNCGICCNKCKCVPSGTYGNKHECPCYRDFKNSKGKPKCP,Inferred from homology,unreviewed,1.0,Snakins
A0A834L6Z3,A0A834L6Z3_RHOSS,Snakin-2,RHSIM_Rhsim12G0124600,Rhododendron simsii (Sims's rhododendron),100,MVSRWLILVAIVIFCVAQVSSDAEIEEHQTQVLSSPHTQHCGGLCKERCSVHSRPNVCSRACGTCCVRCKCVPPGTSGNREICGKCYTDMTTHGNRTKCP,Inferred from homology,unreviewed,1.0,Snakins
A0A834LM46,A0A834LM46_RHOSS,Snakin-1,RHSIM_Rhsim06G0059200,Rhododendron simsii (Sims's rhododendron),88,MELAFATFLVVSLVLSSFLLETANAGSSLCDSKCGDRCAKAGVKDRCLKYCGICCEECKCVPSGTYGNKQECPCYRDKKNSKGKPKCP,Inferred from homology,unreviewed,1.0,Snakins
A0A8J4VS19,A0A8J4VS19_9ROSI,Snakin-1,CMV_008190,Castanea mollissima (Chinese chestnut),88,MKLAFATFLLVCLVLSSSFFEATMAGSSFCDSKCQVRCSKAGAHDRCLKYCGICCEKCQCVPSGTYGNKDECPCYRDLKNSKGKSKCP,Inferred from homology,unreviewed,1.0,Snakins
A0A8T1NC84,A0A8T1NC84_CARIL,Snakin-1,CIPAW_15G046600,Carya illinoinensis (Pecan),88,MKPVFATFLLVCLILGSSFFEATEAGSSFCDSKCAARCAKAGVQDRCLKYCGICCEKCQCVPSGTYGNKHECPCYRDLKNSKGKSKCP,Inferred from homology,unreviewed,1.0,Snakins
A0A9Q0X1W3,A0A9Q0X1W3_9ROSI,SNAKIN-1,OIU74_001282,Salix koriyanagi,88,MKLFSAALLLCSLLLSPSFLEPVMANSSFCAKKCSTRCANAGIQDRCLKYCGICCEQCKCVPSGTYGNKHECPCYRDKKNSKGKPKCP,Inferred from homology,unreviewed,1.0,Snakins
A0A9Q1L1T3,A0A9Q1L1T3_ANIAC,Snakin-1,K7X08_028971,Anisodus acutangulus,89,MMKLNFATLFLVTLVLTSFFIPSAIAGSDFCDSKCQIRCSKAGQQDRCLKYCGICCEDCHCVPSGTYGNKDECPCYRDKKNSKGGPKCP,Inferred from homology,unreviewed,1.0,Snakins
A0AA39D713,A0AA39D713_VITRO,Snakin-1,PVL29_023682,Vitis rotundifolia (Muscadine grape),88,MKPLLATFLLVSLVLSSSFVQNTMADSSFCDSKCAVRCSKAGVKDRCLKYCGICCEECKCVPSGTYGNKHECPCYRDKKNGKGKPKCP,Inferred from homology,unreviewed,1.0,Snakins
A0AAD3T757,A0AAD3T757_NEPGR,Snakin-1,Nepgr_025592,Nepenthes gracilis (Slender pitcher plant),90,MKMVFAASLLFALVLICSLIQTTMAAGPTGFCDAKCGVRCSKAGVKDRCLKYCGICCRECGCVPSGTYGNKNECPCYRDKKNSKGGPKCP,Inferred from homology,unreviewed,1.0,Snakins
A0AAE1JXL0,A0AAE1JXL0_9FABA,Snakin-1,QN277_015429,Acacia crassicarpa (northern wattle),66,MAAGSPFCDSKCGVRCSEAGRKDRCLRFCGICCEKCNCVPSGTYGNKDECPCYRDLKNSKGTAKCP,Inferred from homology,unreviewed,1.0,Snakins
A0AAN7FRQ8,A0AAN7FRQ8_QUERU,Snakin-1,RGQ29_009340,Quercus rubra (Northern red oak) (Quercus borealis),88,MKLAFATFLLVCLVLSSSFFEATMAGSSFCDSKCQVRCSKAGIQDRCLKYCGVCCEKCQCVPSGTYGNKDECPCYRDLKNSKGKSKCP,Inferred from homology,unreviewed,1.0,Snakins
A0AAN7FXL3,A0AAN7FXL3_QUERU,Snakin-1,RGQ29_009341,Quercus rubra (Northern red oak) (Quercus borealis),88,MKLAFATFLLVCLVLSSSFFEATMAGSSFCDSKCQVRCSKAGVQDRCLKYCGICCEKCQCVPSGTYGNKDECPCYRDLKNSKGKSKCP,Inferred from homology,unreviewed,1.0,Snakins
A0AAN7GMG9,A0AAN7GMG9_9MYRT,Snakin-1,SAY87_026875,Trapa incisa,96,MKLVSATLLFVYLLLLAAAASLSTAHYLPLADTPPSFCDSKCGARCSNAGMKDRCLRYCTICCNQCKCVPSGTYGNKSECPCYRDMKNSKGKSKCP,Inferred from homology,unreviewed,1.0,Snakins
A0AAN8SW92,A0AAN8SW92_SOLBU,Snakin-1,RDI58_028766,Solanum bulbocastanum (Ornamental nightshade),89,MMKLSFAILLLVTLILTSFFIPSTIAGSDFCESKCNIRCSKAGRQDRCLKYCGICCEECHCVPSGTYGHKDECPCYRDKKNSKGGPKCP,Inferred from homology,unreviewed,1.0,Snakins
A0AAV6XP60,A0AAV6XP60_9LAMI,Snakin-1,BUALT_Bualt04G0104900,Buddleja alternifolia,95,MKFLVVILLLVTILTSSSFLGDAAAAAPSPSPVAGSCSDMCKIRCAKAGIYKRCFNFCGICCSKCNCVPSGTYGNKSECPCYRDMLNSKGKPKCP,Inferred from homology,unreviewed,1.0,Snakins
A0AAW1M2R2,A0AAW1M2R2_SAPOF,Snakin-1,RND81_03G024100,Saponaria officinalis (Common soapwort) (Lychnis saponaria),91,MKTIKFSAAPLVLTLIFVTSLMVDTIVAGSEFCDTKCSVRCSKAGRQDRCLKYCGICCEECQCVPSGTSGNKDECPCYRDKKNSKGKPKCP,Inferred from homology,unreviewed,1.0,Snakins
A0AAW1Y0D9,A0AAW1Y0D9_RUBAR,Snakin-1,M0R45_007641,Rubus argutus (Southern blackberry),69,MEPVFATSQFCSNKCSNRCAVAAVQDRCLKYCGICCEECKCVPSGTYGNKHECPCYRDKKNKKGKPKCP,Inferred from homology,unreviewed,1.0,Snakins
A0ABC8RKZ9,A0ABC8RKZ9_9AQUA,Snakin-1,ILEXP_LOCUS11444,Ilex paraguariensis (yerba mate),88,MKLVFATLLLVTLLLGSTFMPVTMADSDFCKHKCKFRCSEAKKKPHCLKDCHLCCKDCHCVPSGTYGNKDECPCYRDKKNERGKPKCP,Inferred from homology,unreviewed,1.0,Snakins
A0ABC8SDX9,A0ABC8SDX9_9AQUA,Snakin-1,ILEXP_LOCUS23808,Ilex paraguariensis (yerba mate),88,MKLVFATLLFVSLVLSSSFIQTTMAGSSFCDSKCGVRCSKAGLQDRCLKYCGICCEECNCVPSGTYGNKNECPCYRDKKTSKGKPKCP,Inferred from homology,unreviewed,1.0,Snakins
A0ABD3D9W8,A0ABD3D9W8_9LAMI,Snakin-1,CASFOL_016709,Castilleja foliolosa,85,MKAITTIVVCALVLILMIIMPSSAIDCGSECNRRCSKAGRQDRCLKYCGICCGKCDCVPSGTYGNKDECPCYRDMKNSKGGPKCP,Inferred from homology,unreviewed,1.0,Snakins
A0ABQ7W0F8,A0ABQ7W0F8_SOLTU,Snakin-1,KY290_010419,Solanum tuberosum (Potato),70,MEYLCLLQEDFCDSKCNVRCSKAGRQDRCLKYCGICCEDCHCVPSGTYGHKYECPCYRDKKNSKGGPKCP,Inferred from homology,unreviewed,1.0,Snakins
A0ABR0V3S6,A0ABR0V3S6_REHGL,Snakin-1,DH2020_036397,Rehmannia glutinosa (Chinese foxglove),94,MKPWIAILLLVTLILSSTFLESTATSYSISNCEGFCDSKCGVRCSKAGLKKRCIKYCGICCASCNCVPSGTYGNKSECPCYMNKLNSKGKPKCP,Inferred from homology,unreviewed,1.0,Snakins
A0ABR2G8F2,A0ABR2G8F2_9ROSI,Snakin-1,V6N12_065344,Hibiscus sabdariffa (roselle),81,MSMAGSAFCDSKCAVRCSKAGVKDRCLKYCGICCERCDCVPSGTFGHKDECPCYRDMNNSKGNPKCNPQDPSENLPAEYVK,Inferred from homology,unreviewed,1.0,Snakins
A0ABR2UC22,A0ABR2UC22_9ROSI,Snakin-1,V6N11_052936,Hibiscus sabdariffa (roselle),86,MKLALVAIMLVSLIFISSLSAVSTAGGCSSKCKTRCSKAGIKGRCLKYCGICCAKCNCVPSGTYGNKHECPCYRDLKNSKGQPKCP,Inferred from homology,unreviewed,1.0,Snakins
A0A7J9HFM6,A0A7J9HFM6_9ROSI,Snakin-1,Gohar_024351,Gossypium harknessii,86,MKLVFVTFLLVSLILSSSLFEVSMAGFCNSKCKVRCSKAGIRARCLKYCGICCAKCKCVPSGTYGNKHECPCYRDLKNSKGKPKCP,Inferred from homology,unreviewed,1.0,Snakins
A0A8X7VU94,A0A8X7VU94_BRACI,Snakin-1,Bca52824_020698,Brassica carinata (Ethiopian mustard) (Abyssinian cabbage),73,MDINSGRIGGMEVYCGSRCRGRCAKAGFQGRCIKYCGICCRQCKCVPSGTFGNKHQCPCYRDKLSSKGKPKCP,Inferred from homology,unreviewed,1.0,Snakins
A0A9J6AKS5,A0A9J6AKS5_SOLCO,Snakin-1,H5410_010455,Solanum commersonii (Commerson's wild potato) (Commerson's nightshade),95,MKRFWVAFMLLFALLLTSSFLQPATAKSGFAHEIVYCAQKCEARCSKAGLKDRCVKYCELCCAKCKCVPNGTYGNKHQCPCYRDMKNSKGNPKCP,Inferred from homology,unreviewed,1.0,Snakins
A0AA38WIM6,A0AA38WIM6_9ASTR,Snakin-1,OSB04_007497,Centaurea solstitialis (yellow star-thistle),93,MKLSSFTILIIITLLFTSAIATSPISSSPGGFGCDNKCEVRCSRSGWKDRCLKYCGICCGKCNGCVPSGPYASKAQCPCYRDMKNPKGRDKCP,Inferred from homology,unreviewed,1.0,Snakins
A0AAE0CQY3,A0AAE0CQY3_9ROSI,Snakin-1,Ddye_006710,Dipteronia dyeriana,88,MKLVFFTFLLVSLVLTSSFFEVSKADSAFCDSKCKVRCSKAGVYDRCLKYCGICCEKCNCVPSGTYGHKDECPCYADMKNSKGKPKCP,Inferred from homology,unreviewed,1.0,Snakins
A0AAE1JQ82,A0AAE1JQ82_9FABA,Snakin-1,QN277_017835,Acacia crassicarpa (northern wattle),89,MKPSFATVLVLCLFLVSSSLLEVTMAGSPFCDGKCGERCKEAGVQDRCLRFCGICCEKCKCVPSGTYGNKHECPCYRDLKNNKGKPKCP,Inferred from homology,unreviewed,1.0,Snakins
A0AAN7LUH8,A0AAN7LUH8_TRANT,Snakin-1,SAY86_028344,Trapa natans (Water chestnut),90,MKKFGAVLLLSVLVLVLSSSFLESAMAGSSLCDSKCSARCSKASMQDRCLKYCGICCGMCHCVPSGTYGNKHECPCYGDLKNSKGKPKCP,Inferred from homology,unreviewed,1.0,Snakins
A0AAN7MDB0,A0AAN7MDB0_TRANT,Snakin-1,SAY86_028683,Trapa natans (Water chestnut),86,MKKFGAVLFLCLLVLGSSFLQSAMAGFCDSKCSARCSKAGMQERCLKYCGICCDKCQCVPSGTYGNKHECPCYRDLKNSKGKPKCP,Inferred from homology,unreviewed,1.0,Snakins
A0AAP0D1R8,A0AAP0D1R8_9ASTR,Snakin-1,SSX86_014339,Deinandra increscens subsp. villosa,93,MKLISFAALLLLALLFTSAYAISPVPSPASRFGCDKKCELRCSRSGRRDRCLKYCGICCGKCNGCVPSGPYASKAQCPCYRDMKNSKGRDKCP,Inferred from homology,unreviewed,1.0,Snakins
A0AAP0D993,A0AAP0D993_9ASTR,Snakin-1,SSX86_014338,Deinandra increscens subsp. villosa,97,MKLISFAALLLLALLFTSTYAISPTGAPGPSPASKFGCDKKCELRCSRSGWRDRCLKYCGICCGKCNGCVPSGPYANKAQCPCYRDMKNPKGRDKCP,Inferred from homology,unreviewed,1.0,Snakins
A0AAV1WUV7,A0AAV1WUV7_LUPLU,Snakin-1,LLUT_LOCUS14027,Lupinus luteus (European yellow lupine),64,MELGDCGSKCAFRCSKAQEHDRCLEYCGICCKTCNCVPSGTFGNKDECPCYRDLKNSKGQDKCP,Inferred from homology,unreviewed,1.0,Snakins
A0AAV9LLR0,A0AAV9LLR0_9SOLN,Snakin-1,R3W88_031573,Solanum pinnatisectum (tansyleaf nightshade),89,MMKLSFATLLLVTLVLTSFFIPSTIAGSDFCDSKCNYRCSKAGRQDRCLKYCGICCAECHCVPSGTSGNKDECPCYRDKKNSKGGPKCP,Inferred from homology,unreviewed,1.0,Snakins
A0AAW1YB61,A0AAW1YB61_RUBAR,Snakin-1,M0R45_011893,Rubus argutus (Southern blackberry),89,MKLVCATFLVLVCLVLSSSVLETTMAGSPSCDSKCGVRCSKAGYKERCLKYCGICCEKCHCVPSGTYGNKDECPCYRDLKNSKGDPKCP,Inferred from homology,unreviewed,1.0,Snakins
A0ABQ9LEE9,A0ABQ9LEE9_HEVBR,Snakin-1,P3X46_021078,Hevea brasiliensis (Para rubber tree) (Siphonia brasiliensis),88,MKPFFTALLLVCLVLTSSFFVLTMAGSAFCDSKCGERCAKASVKERCLKYCGICCEKCNCVPSGTYGNKHECPCYRDMKNSKGKPKCP,Inferred from homology,unreviewed,1.0,Snakins
A0ABR1ZU10,A0ABR1ZU10_9ROSI,Snakin-1,V6N12_005545,Hibiscus sabdariffa (roselle),90,MKLSVAALLLSFLLLSSFVSEPAMAQPRSPFCEGKCKDRCNKAAVWDRCFKYCGICCEECKCVPSGTYGNKHECPCYRDKVSKKGTPKCP,Inferred from homology,unreviewed,1.0,Snakins
A0ABR2GDX6,A0ABR2GDX6_9ROSI,Snakin-1,V6N12_050974,Hibiscus sabdariffa (roselle),88,MKLAFVVCLLISLILSCSFLEVSMAGSAFCNSKCAVRCSKAGVKGRCLKYCGICCEKCHCVPSGTFGHKDECPCYRDMKNSKGKPKCP,Inferred from homology,unreviewed,1.0,Snakins
A0AAN9FVX6,A0AAN9FVX6_CLITE,Snakin-1,RJT34_25352,Clitoria ternatea (Butterfly pea),90,MKLLIATLLFCSLLLSSSFLEPATAYEDSSYCGKKCSDRCSVAGVKDRCLKYCGICCEECKCVPSGTYGNKHECPCYRDKINNKGKPKCP,Inferred from homology,unreviewed,1.0,Snakins
A0A2C9VJ65,A0A2C9VJ65_MANES,Snakin-1,MANES_07G065400v8,Manihot esculenta (Cassava) (Jatropha manihot),88,MRLFFATLLLCALLLSSSFLEPVIAKSSYCENKCKERCAKAGVKERCIKYCGICCAECKCVPSGTYGNKHQCPCYRDKKNSKGKPKCP,Inferred from homology,unreviewed,1.0,Snakins
A0A2C9VYQ3,A0A2C9VYQ3_MANES,Snakin-1,MANES_05G179800v8,Manihot esculenta (Cassava) (Jatropha manihot),88,MKPFFAVLLLVCLVLTSSFFELTMAGSEFCDSKCEARCAKAGVKDRCLKYCGICCEKCNCVPSGTYGNKDECPCYRDMKNSKGKPKCP,Inferred from homology,unreviewed,1.0,Snakins
A0A371EC36,A0A371EC36_MUCPR,Snakin-1,CR513_57954,Mucuna pruriens (Velvet bean) (Dolichos pruriens),100,MQDEASICSCATHVPCSQLLFVSSVNGPYRLICCMGLESGFCSSKCANRCARAGMKDRCMRFCGICCSKCKCVPSGTYGNKHECPCYRDLKNSKGNPKCP,Inferred from homology,unreviewed,1.0,Snakins
A0A7J8RLA6,A0A7J8RLA6_GOSDV,Snakin-1,Godav_014456,Gossypium davidsonii (Davidson's cotton) (Gossypium klotzschianum subsp. davidsonii),90,MKVLFATLLVCSLLLCSSILEPVMAQPRSPSCAGKCKARCRKAAVWERCFKYCGICCEKCKCVPSGTYGNKHQCPCYRDMVTNKGKPKCP,Inferred from homology,unreviewed,1.0,Snakins
A0AAV1W912,A0AAV1W912_LUPLU,Snakin-1,LLUT_LOCUS6856,Lupinus luteus (European yellow lupine),88,MKLVHANMILIFLVLSSSMLQVSMAGSAFCDSKCSVRCSKAGVQDRCLKFCGICCEKCKCVPSGTYGHKDECPCYRNLKNSKGKGKCP,Inferred from homology,unreviewed,1.0,Snakins
A0AAV1XQ98,A0AAV1XQ98_LUPLU,Snakin-1,LLUT_LOCUS24868,Lupinus luteus (European yellow lupine),88,MKLVFATVLLVSLVLSSSMFETSIASSDFCGSKCSTRCSKAGRQDRCLRFCAICCSKCKCVPSGTYGNKHECPCYKDMKNSKGKPKCP,Inferred from homology,unreviewed,1.0,Snakins
A0AAV1XZE0,A0AAV1XZE0_LUPLU,Snakin-1,LLUT_LOCUS28154,Lupinus luteus (European yellow lupine),88,MKLVYANVILVFLVLCSSMLQISMAGSDFCDSKCGVRCSKAGVQDRCLKYCGICCEQCNCVPSGTYGNKDECPCYRDLKNSKGNDKCP,Inferred from homology,unreviewed,1.0,Snakins
A0A1E5WF12,A0A1E5WF12_9POAL,Snakin-2,BAE44_0003051,Dichanthelium oligosanthes,100,MAKPPLHQAAAALLLLLLLVAAASWLQTADAASGFCSSKCGVRCGRVSARARGGCMRSCGLCCEECNCVPTGARGGGGVNECPCYRNMLTAGPKKRPKCP,Inferred from homology,unreviewed,1.0,Snakins
A0A328D7W6,A0A328D7W6_9ASTE,Snakin-1,DM860_006638,Cuscuta australis,89,MKVVLIAILLLLALVLGSSASTTAQSGGGSCDDKCEARCSKAGFKDRCTKYCGICCKQCNCVPSGTYGNKHECPCYRDLKNKKGKPKCP,Inferred from homology,unreviewed,1.0,Snakins
A0A7J9H028,A0A7J9H028_9ROSI,Snakin-1,Gohar_013437,Gossypium harknessii,97,MKFIIATLLFASLVLSSSFIQLSFASPAAAPSPAPPSYCDGKCGDRCAKAGMKDRCLKYCGICCQECKCVPSGTYGNKSECPCYRDKKNSKHQPKCP,Inferred from homology,unreviewed,1.0,Snakins
A0A8K0DQS2,A0A8K0DQS2_9ROSA,Snakin-1,FNV43_RR22604,Rhamnella rubrinervis,87,MRHCFVAFLACSLLLSCLLDPAMAMSPFCSNKCATRCSKAGMRDRCMKFCGICCKECKCVPSGTYGNKHECPCYRDKLNSKLKPKCP,Inferred from homology,unreviewed,1.0,Snakins
A0A8S0RM37,A0A8S0RM37_OLEEU,Snakin-1,OLEA9_A048293,Olea europaea subsp. europaea,88,MKKFFFTALLLVALLLSSSHIRTTMASSFCDSKCAVRCSKAGLKDRCLRYCGICCEECHCVPSGTYGHKDECPCYRDKKNSKGKPKCP,Inferred from homology,unreviewed,1.0,Snakins
A0A8X7P8W8,A0A8X7P8W8_BRACI,Snakin-1,Bca52824_086383,Brassica carinata (Ethiopian mustard) (Abyssinian cabbage),79,MDINSGRIGGMEVYCGSRCRGRCAKAGFQGRCIKYCGICCRQCKCVPSGTFGNKHQCPCYRDKLSSKENPSALNPILFP,Inferred from homology,unreviewed,1.0,Snakins
A0A9W7M3R6,A0A9W7M3R6_HIBTR,Snakin-1,HRI_002317400,Hibiscus trionum (Flower of an hour),92,MKLLFATSLFVFLFLTSSFAKPRPTAPPPPPGFCDRRCGERCAKAGVKDRCLKYCGICCQECKCVPSGTFGHKSECPCYRDKLNSKGHPKCP,Inferred from homology,unreviewed,1.0,Snakins
A0AA38SD96,A0AA38SD96_9ASTR,Snakin-1,OSB04_027300,Centaurea solstitialis (yellow star-thistle),99,MKNFLPFAFLLLLLIFSAAAVSPAPSPSPSPSTDQSAFGCDNKCANRCANAGYKERCLKYCGICCGKCEGCVPSTPYAPKSQCPCYQNLKNSKGKDKCP,Inferred from homology,unreviewed,1.0,Snakins
A0AAD5J148,A0AAD5J148_ACENE,Snakin-1,LWI28_024768,Acer negundo (Box elder),92,MKLLFATLLLLCSLLLLSSSLLVPVMGTVDSGYCGNKCGERCKKAGVVDRCLKYCGICCEECKCVPSGTYGNKHECPCYRDKLNKKGKPKCP,Inferred from homology,unreviewed,1.0,Snakins
A0AAD8NJF4,A0AAD8NJF4_TARER,Snakin-1,QVD17_27388,Tagetes erecta (African marigold),89,MKKILLIALLFSLLLATSFLQPSLANMQVYCKNKCKGRCVKSRFPDKCIKYCEICCEECKCVPINMYENKHECPCYKDKKNNKGKSRCP,Inferred from homology,unreviewed,1.0,Snakins
A0AAN7E4Z5,A0AAN7E4Z5_QUERU,Snakin-1,RGQ29_005710,Quercus rubra (Northern red oak) (Quercus borealis),88,MKLFFATLLLCTLLLSSSFLEPAMAKSGFCTKKCANRCSKAAVQDRCQKYCGICCEECKCVPSGTYGNKHECPCYRDKKNNKGKPKCP,Inferred from homology,unreviewed,1.0,Snakins
A0AAV3PKL4,A0AAV3PKL4_LITER,Snakin-1,LIER_37456,Lithospermum erythrorhizon (Purple gromwell) (Lithospermum officinale var. erythrorhizon),88,MKTSLLILVLVALVLSSSFIHSTEAVFSYCGSKCEARCAKAGVQDRCLKYCGICCAECKCVPSGTYGNKYECACYRDKKNSKGKPKCP,Inferred from homology,unreviewed,1.0,Snakins
A0AAV5JE68,A0AAV5JE68_9ROSI,Snakin-1,SLEP1_g21696,Rubroshorea leprosula,87,MKVVIITFLLVSFLLSSSFEPTAAGSSFCDSKCGARCAKAAVQDRCLKYCGICCEKCKCVPSGTYGNKHECPCYRDLKNAKGKPKCP,Inferred from homology,unreviewed,1.0,Snakins
A0AAV8TRY1,A0AAV8TRY1_ERYNO,Snakin-1,K2173_023990,Erythroxylum novogranatense (Peruvian coca) (Erythroxylum coca var. novogranatense),88,MKVLFATLLLCILLLSSSFLEPAMAKPLFCAKKCKARCEKAGLKDRCLKYCGICCAQCKCVPSGTYGNKHECPCYRDMRTNKGKPKCP,Inferred from homology,unreviewed,1.0,Snakins
A0ABD3JYH6,A0ABD3JYH6_EUCGL,Snakin-1,ACJRO7_022467,Eucalyptus globulus (Tasmanian blue gum),89,MKKFAFATFLLVALLLSPAFFDAAMAGSSLCDSKCAVRCSKAGRMDRCLQYCGICCEKCQCVPSGTYGHKDECPCYRDMKNSKGEPKCP,Inferred from homology,unreviewed,1.0,Snakins
A0ABD3K4A4,A0ABD3K4A4_EUCGL,Snakin-1,ACJRO7_024123,Eucalyptus globulus (Tasmanian blue gum),89,MKMVRATAFLLACLLVSSSLLDLAMAGSSFCGSKCSARCAKAGLKDRCLKYCQICCDKCKCVPSGTYGNKHECPCYRDLRNSKGKPKCP,Inferred from homology,unreviewed,1.0,Snakins
A0ABQ8HTB5,A0ABQ8HTB5_9ROSI,Snakin-1,JRO89_XS07G0082100,Xanthoceras sorbifolium,88,MKLVFVTFLLVSLVLTSSFFQVSMAGSDFCDSKCKVRCSKAGVYDRCLKYCGICCEKCNCVPSGTYGNKDECPCYRDMKNSKGQPKCP,Inferred from homology,unreviewed,1.0,Snakins
A0ABR2FGF6,A0ABR2FGF6_9ROSI,Snakin-1,V6N12_070261,Hibiscus sabdariffa (roselle),86,MKLALVAILLVSLIFISSLSAVSTAGVCSSKCKTRCSKAGIKGRCLKYCGICCAKCKCVPSGTYGNKHECPCYRDLKNSKGKPKCP,Inferred from homology,unreviewed,1.0,Snakins
A0ABR2SUR9,A0ABR2SUR9_9ROSI,Snakin-1,V6N11_025852,Hibiscus sabdariffa (roselle),84,MKLVLLVSLILSCSFLEVSMAGSGFCNSKCAVRCSKAGVKDRCLKYCGICCEKCHCVPSGTFGHKDECPCYRDMKNSKGNPKCP,Inferred from homology,unreviewed,1.0,Snakins
A0A8X8ZCY0,A0A8X8ZCY0_SALSN,Snakin-1,SASPL_137157,Salvia splendens (Scarlet sage),87,MKNTAALLLLTLFLTSSIVDAAIADSSDCDEKCGVRCAKAGVKDRCLKYCGICCAECKCVPSGTYGNKHECPCYRDKTNSKGKPKCP,Inferred from homology,unreviewed,1.0,Snakins
A0ABD1L4P4,A0ABD1L4P4_9FABA,Snakin-1,Fmac_032358,Flemingia macrophylla,91,MKKVTFTALLLVCILLSSSLFEVSMARSETVFCASKCARRCSKAGMKDRCMRFCGICCTKCKCVPSGTYGNKHECPCYRDMKNSKGKPKCP,Inferred from homology,unreviewed,1.0,Snakins
A0A445C877,A0A445C877_ARAHY,Snakin-1,Ahy_A07g033101,Arachis hypogaea (Peanut),88,MKVVLASVLLLCLLLSSSFLDVSMAGSDFCDSKCGERCAKAGVKDRCLKYCGICCQKCNCVPSGTYGNKDECPCYRDIKNSKGQGKCP,Inferred from homology,unreviewed,1.0,Snakins
A0A0B2SLM6,A0A0B2SLM6_GLYSO,Snakin-1,D0Y65_046816,Glycine soja (Wild soybean),88,MKVAFAAVLLICLVLSSSLFEVSMAGSAFCSSKCSKRCSRAGMKDRCMKFCGICCSKCNCVPSGTYGNKHECPCYRDMKNSKGKAKCP,Inferred from homology,unreviewed,1.0,Snakins
A0A445CXQ6,A0A445CXQ6_ARAHY,Snakin-1,Ahy_A06g030889,Arachis hypogaea (Peanut),88,MKLSFVTLLLVCLVLTSSFFEASMARPVLCGAKCARRCSKAGMKDRCLRFCGICCSKCKCVPSGTYGNKHECPCYRDMRNSKGKPKCP,Inferred from homology,unreviewed,1.0,Snakins
A0A445IT93,A0A445IT93_GLYSO,Snakin-1,D0Y65_028166,Glycine soja (Wild soybean),90,MKLVFATLLLCSLLLSSSFLEPVIAYEDSSYCSNKCSDRCSSAGVKDRCLRYCGICCAECKCVPSGTYGNKHQCPCYRDKLNKKGKPKCP,Inferred from homology,unreviewed,1.0,Snakins
A0A8T0TI41,A0A8T0TI41_PANVG,Snakin-1,PVAP13_4NG264400,Panicum virgatum (Blackwell switchgrass),78,LSSSSSLQVSMAGSGFCDRKYAFRCSKANRHDDCLKYCGICCAECHCVPSGTSGNKDECPCYRDKTTGSGDRKRPKCP,Inferred from homology,unreviewed,1.0,Snakins
A0A9W7MV35,A0A9W7MV35_HIBTR,Snakin-1,HRI_004951200,Hibiscus trionum (Flower of an hour),90,MKLLFATLLLCSLLLGCSVLEPAMAQPRSSSCVGKCRGRCSKAAVWERCFKYCGICCEECNCVPSGTYGNKHECPCYRDKLNNKGKSKCP,Inferred from homology,unreviewed,1.0,Snakins
A0AAV1XII7,A0AAV1XII7_LUPLU,Snakin-1,LLUT_LOCUS21803,Lupinus luteus (European yellow lupine),91,MKPFFATLLFYSLLLSFFLLEPAIAYEDALANCSKKCSDRCIVAGVKDRCLKYCGICCAECKCVPSGTYGNKHECPCYRDKVNNKGKPKCP,Inferred from homology,unreviewed,1.0,Snakins
A0ABD1NEB7,A0ABD1NEB7_9FABA,Snakin-1,Fmac_000459,Flemingia macrophylla,90,MKMKLGFANVLLVCLVLSSSFLEISMAGSGFCDSKCAQRCAKAGVKDRCLKFCGICCEKCKCVPSGTYGNKHECPCYRDLKNSKGKGKCP,Inferred from homology,unreviewed,1.0,Snakins
A0A444YW73,A0A444YW73_ARAHY,Snakin-1,Ahy_B06g085964,Arachis hypogaea (Peanut),88,MKLSFVTLLLVCLVLTSSFFEASMASPVLCGAKCARRCSKAGMKDRCLRFCGICCSKCKCVPSGTYGNKHECPCYRDMRNSKGKPKCP,Inferred from homology,unreviewed,1.0,Snakins
A0AAN9MS42,A0AAN9MS42_PHACN,Snakin-1,VNO80_16919,Phaseolus coccineus (Scarlet runner bean) (Phaseolus multiflorus),90,MKLLFATLLLCSLLLSSSFLEAAMAYEESSYCSSKCTDRCSAAGVKDRCLKYCGICCAECKCVPSGTYGNKHECPCYRDKLNKKGKPKCP,Inferred from homology,unreviewed,1.0,Snakins
K0E660,K0E660_POPTO,Gibberellin-regulated protein,GASA,Populus tomentosa (Chinese white poplar),88,MKPVFAAVFLLCLVFSSSLFEVTMAASGFCDSKCSARCSKAGIKDRCLKYCGICCEKCKCVPSGTYGNKHECPCYRDMKNSKGKPKCP,Evidence at transcript level,unreviewed,1.0,Snakins
A0A0B2QJ72,A0A0B2QJ72_GLYSO,Snakin-1,D0Y65_038093,Glycine soja (Wild soybean),88,MKVAFVAVLLICLVLSSSLFEVSMAGSAFCSSKCAKRCSRAGMKDRCTRFCGICCSKCRCVPSGTYGNKHECPCYRDMKNSKGKPKCP,Inferred from homology,unreviewed,1.0,Snakins
A0A445BF40,A0A445BF40_ARAHY,Snakin-1,Ahy_A09g042201,Arachis hypogaea (Peanut),90,MKLIFVTLLLCFLLLSSSLLEPATAYEDASYCGKKCSDRCSVAGVKDRCLKYCGICCQECKCVPSGTYGNKHECPCYRDKVNKKGKPKCP,Inferred from homology,unreviewed,1.0,Snakins
K0E823,K0E823_9ROSI,Gibberellin-regulated protein,GASA,Populus alba x Populus glandulosa,88,MKPVFAAVFLLCLVFSSSLFEVTMAASGFCDSKCSARCSKAGIKDRCLKYCGICCEKCKCVPSGTYGNKLECPCYRDMKNSKGKPKCP,Evidence at transcript level,unreviewed,1.0,Snakins
A0AAP0AY28,A0AAP0AY28_9ASPA,Snakin-1,SN1 KSP39_PZI021563,Platanthera zijinensis,97,MTLFSARNPRILLLPLLIGLLLASYSQIASSQSAFCGEKCKVRCSKASAHDRCLRDCGVCCKVCACVPSGTYGNKDECPCYRDKYTGVGQRRRPKCP,Inferred from homology,unreviewed,1.0,Snakins
A0A2I0VR83,A0A2I0VR83_9ASPA,Snakin-1,SN1 MA16_Dca008998,Dendrobium catenatum,97,MKKLFSARLSFPLLLLLLGLLLAPYFQQMASASAFCDEKCKVRCSKAGVQDRCLKYCGVCCEECKCVPSGTYGNKDECPCYRDKYTGEGKRRRPKCP,Inferred from homology,unreviewed,1.0,Snakins
A0AAV9FEI3,A0AAV9FEI3_ACOCL,Snakin-1,SN1 QJS10_CPA02g00345,Acorus calamus (Sweet flag),91,MKLLTPTLVLLFLLFTFSYTQAAMKDSVPAGFCGSKCKVRCSKASVQDRCLKYCGICCATCKCVPSGTYGNKDQCPCYRDMLSSKGRPKCP,Inferred from homology,unreviewed,1.0,Snakins
A0AAV9DJT6,A0AAV9DJT6_ACOCL,Snakin-1,SN1 QJS10_CPB13g00457,Acorus calamus (Sweet flag),91,MKLLTPTLVLLFLLFTSSYTQAAMEDSVPAGFCGSKCKVRCSKASVQDRCLKYCGICCATCKCVPSGTYGNKDQCPCYRDMLSSKGRPKCP,Inferred from homology,unreviewed,1.0,Snakins
A0A371GEA8,A0A371GEA8_MUCPR,Snakin-1,SN1 CR513_29485,Mucuna pruriens (Velvet bean) (Dolichos pruriens),84,MKVVFAVWLVLSSCFLEISLAGSGFCESKCGERCAKAGVQDRCLKFCGICCEKCKCVPSGTYGNKHECPCYRDLKNSKGKGKCP,Inferred from homology,unreviewed,1.0,Snakins
A0A2R6RL04,A0A2R6RL04_ACTCC,Snakin-1 like,CEY00_Acc05996,Actinidia chinensis var. chinensis (Chinese soft-hair kiwi),92,MKLVLTTLLVISLILISSLPKSTTAQYPSGDYPCDSKCKARCEAAGVKKRCINYCGICCQKCKCVPSGTVGNKSECPCYRDMVNSKGKPKCP,Inferred from homology,unreviewed,1.0,Snakins
A0A2R6Q5W3,A0A2R6Q5W3_ACTCC,Snakin-1 like,CEY00_Acc21076,Actinidia chinensis var. chinensis (Chinese soft-hair kiwi),65,MAKSLYCPQKCKARCGRAGVKNRCIKYCGICCAECKCVPSGAYGNKHQCPCYRNKVSSKGKPKCP,Inferred from homology,unreviewed,1.0,Snakins
A0ABD3BB12,A0ABD3BB12_9LAMI,Snakin-1,SN1 CASFOL_042340,Castilleja foliolosa,90,MKALFLASLVLFTIIVSNSFIQPTMSQSTNECGSKCDARCAAAGMKDRCLKYCGICCSICKCVPSGTYGNKHQCPCYRDMRNSKGNPKCP,Inferred from homology,unreviewed,1.0,Snakins
A0AAV9ETE6,A0AAV9ETE6_ACOCL,Snakin-1,SN1 QJS10_CPA05g01263,Acorus calamus (Sweet flag),89,MKLLAPTLVLLFLLFTFSYTQAAALEDGGFCGIKCKGRCSKASVQDRCMKYCGICCNTCKCVPSGTYGNKDQCPCYRDMVTGKGKPKCP,Inferred from homology,unreviewed,1.0,Snakins
A0AAV6N9P6,A0AAV6N9P6_9ROSI,Snakin-1,SN1 SDJN03_11555,Cucurbita argyrosperma subsp. sororia,80,MKSGSLSLVLVSLVLSSFLLQHAIADSSATYAPRVKDRCLKYCGLCCQQCKCVPSGTYGNKSECPCYRDKLNSKGKSKCP,Inferred from homology,unreviewed,1.0,Snakins
A0ABD1G8E2,A0ABD1G8E2_SALDI,Snakin-1,SN1 AAHA92_24720,Salvia divinorum (Maria pastora) (Diviner's sage),87,MKHLAALLLLTLFLTSSIVDATIADSSDCDEKCGVRCAKAGVKDRCLKYCGICCAECECVPSGTYGNKHECPCYRDKTNSKGKPKCP,Inferred from homology,unreviewed,1.0,Snakins
A0A2R6QY09,A0A2R6QY09_ACTCC,Snakin-1 like,CEY00_Acc12075,Actinidia chinensis var. chinensis (Chinese soft-hair kiwi),88,MKLGLATFLLVSLVLTSSFLHIAMAGSSFCDSKCGVRCSKAGLKDRCLKYCGICCEECKCVPSGTFGNKHECPCYRDKKNSKGKPKCP,Inferred from homology,unreviewed,1.0,Snakins
A0AAV5DVP1,A0AAV5DVP1_ELECO,Snakin-1,gb01224 PR202_gb01224,Eleusine coracana subsp. coracana,93,MKLHATTTMALLLLFVLASSSLQVSMAGSEFCDSKCAYRCSKASQHDDCLKYCGICCAECHCVPSGTAGNKDECPCYRDKTTGEGARKRSKCP,Inferred from homology,unreviewed,1.0,Snakins
A0A2R6R2H6,A0A2R6R2H6_ACTCC,Snakin-1 like,CEY00_Acc11502,Actinidia chinensis var. chinensis (Chinese soft-hair kiwi),88,MKLVSASFLLVALIISSCFLETTMSGSDFCDSKCAKRCSKAGRRDRCLKYCGICCEKCHCVPSGTFGNKDECPCYRDMKNSKGKPKCP,Inferred from homology,unreviewed,1.0,Snakins
A0A2R6R393,A0A2R6R393_ACTCC,Snakin-1 like,CEY00_Acc11754,Actinidia chinensis var. chinensis (Chinese soft-hair kiwi),88,MKLGLATFLLVSLVLTSSLLPTAMAGSSFCDSKCGVRCSKAGVKDRCLKYCGICCEECKCVPSGTYGNKHECPCYGSKKNSKGKPKCP,Inferred from homology,unreviewed,1.0,Snakins
A0A4Y7ICR4,A0A4Y7ICR4_PAPSO,Snakin-1,C5167_010685 C5167_038123,Papaver somniferum (Opium poppy),87,MKPVFAALLCLALLLNFSFLQTTMADGFCDTKCNQRCAKAGRQDRCLKYCGICCEDCRCVPSGTYGNKDECPCYRDKKNSKGGPKCP,Inferred from homology,unreviewed,1.0,Snakins
A0AAV6HL43,A0AAV6HL43_9ERIC,GASA-like protein,RHGRI_035964,Rhododendron griersonianum,97,MVGYPRLQFVFLLFLLASMCTIQVSMACGEGCVAQKDCPAACDYRCSKADYHRKACLMFCNLCCNKCLCVPSGTAGNKEECPCYNNWKTKEGGPKCP,Inferred from homology,unreviewed,1.0,Snakins
R4RQT7,R4RQT7_GERHY,GASA-like protein GEG3,GEG3,Gerbera hybrida (Daisy),100,MAKFFAILLLALLAISMFQATVSAKGGHHNGHGTGSLTSSQCPGQCIRRCSKTQYHKPCMFFCQKCCAKCLCVPPGFYGNKQVCPCYNNWKTKEGGPKCP,Evidence at transcript level,unreviewed,1.0,Snakins
A0AAV5EIR1,A0AAV5EIR1_ELECO,Snakin-1,gb10865 PR202_gb10865,Eleusine coracana subsp. coracana,92,MKLHATTTMALLLLFLLASSLQVSMAGSEFCDSKCAYRCSKASRHDDCLKYCGICCAECHCVPSGTAGNKDECPCYRDKTTGEGPRKRSKCP,Inferred from homology,unreviewed,1.0,Snakins
A0AAP0NF75,A0AAP0NF75_LIQFO,Snakin-1,L1049_025692 L1049_025795,Liquidambar formosana (Formosan gum),88,MKPISVTLLLVSLVLSSSFLQITIAGSSFCDSKCAVRCSKASVQDRCLKYCGVCCEECKCVPSGTYGHKDECPCYRDKKNSKGKPKCP,Inferred from homology,unreviewed,1.0,Snakins
R4S4I4,R4S4I4_GERHY,GASA-like protein GEG2,GEG2,Gerbera hybrida (Daisy),100,MAKFFAVFVLALIAISMLQATVLAKGGRQNGFGPGSLTSSQCPGQCIRRCSKTQYHKPCMFFCQKCCAKCLCVPPGFYGNKQVCPCYNNWKTKEGGPKCP,Evidence at transcript level,unreviewed,1.0,Snakins
A0A251U332,A0A251U332_HELAN,Putative snakin-1,SNAK1 HannXRQ_Chr08g0211931,Helianthus annuus (Common sunflower),88,MKPFVATFMFLTLVLLSSLLQNTMAGSSFCDSKCAVRCSKASLQDRCLKYCGICCEECHCVPSGTYGNKDECPCYRDKKNSKGGSKCP,Inferred from homology,unreviewed,1.0,Snakins
A0A6A6NGM7,A0A6A6NGM7_HEVBR,Snakin-1,GH714_011966 GH714_012052,Hevea brasiliensis (Para rubber tree) (Siphonia brasiliensis),88,MKPFFAILLLACIVLTSSFFELTVAGSAFCDSKCKVRCAKAGVKDRCLKYCGICCEKCKCVPSGTYGNKNECPCYRDMKNSKGKPKCP,Inferred from homology,unreviewed,1.0,Snakins
A0A6P5TRX4,A0A6P5TRX4_PRUAV,Snakin-2-like isoform X2,LOC110770090,Prunus avium (Cherry) (Cerasus avium),91,MGNKVSSDSNIQDHETQVVKGANRRLLPYLNCDELCNSRCRLHSRPNVCTRACGTCCVRCKCVPPGTSGNREACGRCYTDMTTHGNRLKCP,Inferred from homology,unreviewed,1.0,Snakins
A0A314KIA0,A0A314KIA0_NICAT,Snakin-1,SN1_0 A4A49_64232,Nicotiana attenuata (Coyote tobacco),88,MKLLLTTLLLLTLVLTPSFIQTTMAGSSYCDSKCKLRCAKAGVMDRCLKYCGICCEECKCVPSGTYGNKHECPCYRDKKNNKGKPKCP,Inferred from homology,unreviewed,1.0,Snakins
A0A1J6IQA3,A0A1J6IQA3_NICAT,Snakin-1,SN1_3 A4A49_17821,Nicotiana attenuata (Coyote tobacco),89,MKRVFVAFVLVFALLLTSSFLETATAKSVYCAHKCKARCSKAGVKDRCVKYCELCCAKCKCVPSGTYGNKHQCPCYRDMKNSKGKPKCP,Inferred from homology,unreviewed,1.0,Snakins
A0A0S3SM99,A0A0S3SM99_PHAAN,Snakin-1,Vigan.08G047800 VIGAN_08047800,Vigna angularis var. angularis,96,MASQSKMKLLFATLLLSSLLLSSSFLETAMAYEESSYCSSKCTDRCSAAGVKDRCLKYCGICCSECKCVPSGTYGNKHECPCYRDKLNKKGKPKCP,Inferred from homology,unreviewed,1.0,Snakins
A0ABS8S4Y1,A0ABS8S4Y1_DATST,Snakin-1,SN1_2 HAX54_023135,Datura stramonium (Jimsonweed) (Common thornapple),88,MKLLLATLLLVTLVLTPSFIQTTMAGSSFCDSKCKQRCSKAGLADRCLKYCGICCAECNCVPSGTYGNKHECPCYRDKKNSKGKPKCP,Inferred from homology,unreviewed,1.0,Snakins
A0ABU6Y2J2,A0ABU6Y2J2_9FABA,Snakin-1,SN1_1 PIB30_000622,Stylosanthes scabra,90,MKLISATLLLCFLLLSSSLLETATAYQDTSYCGKKCSDRCSAAGVQDRCLKYCGICCQECKCVPSGTYGNKHECPCYRDKVNKKGKPKCP,Inferred from homology,unreviewed,1.0,Snakins
A0A9Q0FVM6,A0A9Q0FVM6_9ROSI,Snakin-1,SN1_1 Tsubulata_013166,Turnera subulata,88,MKLFLATLLVCSLLLGSSFLEPAMAAPIFCARKCGVRCANAGYKDRCLKYCGICCSECKCVPSGTYGNKHECPCYRDKRNSKGNPKCP,Inferred from homology,unreviewed,1.0,Snakins
A0A444XVC9,A0A444XVC9_ARAHY,Snakin-1,Ahy_B09g099989 DS421_19g673150,Arachis hypogaea (Peanut),90,MKLIFVTLLLCFLLLSSSLLEPATAYEDASYCGKKCSNRCSVAGVKDRCLKYCGICCQECKCVPSGTYGNKHECPCYRDKVNKKGKPKCP,Inferred from homology,unreviewed,1.0,Snakins
A0A833VBB6,A0A833VBB6_9POAL,Snakin-2-like protein,FCM35_KLT03548,Carex littledalei,86,MAYGAAAPPVAPAPAPAPHKIIDTKECLGACEERCSVHSRKNVCKRACNTCCSVCKCVPGGTYGNRETCGTCYTDWTTHGNRTKCP,Inferred from homology,unreviewed,1.0,Snakins
A0ABS8SA95,A0ABS8SA95_DATST,Snakin-1,SN1_3 HAX54_029467,Datura stramonium (Jimsonweed) (Common thornapple),89,MMKLSFATLLLVTLVLTSFFIPAIIAGSDFCDSNCKIRCSKTGRQDRCLKYCGICCEECHCVPSGTYGNKDECPCYRDKKNSKGEPKCP,Inferred from homology,unreviewed,1.0,Snakins
A0A6A1VKV3,A0A6A1VKV3_9ROSI,Snakin-1,CJ030_MR5G023020 CJ030_MR6G020068,Morella rubra (Chinese bayberry),89,MKPVFSTFLLVCLVLSASFFEATMAGSSFDCDSKCKVRCSKAGVKDRCLKYCGICCEKCKCVPSGTYGNKHECPCYKDYKNSKGKAKCP,Inferred from homology,unreviewed,1.0,Snakins
A0A9Q0FR99,A0A9Q0FR99_9ROSI,Snakin-1,SN1_2 Tsubulata_023851,Turnera subulata,88,MKPVFASLFLACLLIGASFLDVSSAASDFCGSKCAVRCSKAGVKDRCLKYCGICCEKCNCVPSGTYGNKHECPCYRDMKNSKGKPKCP,Inferred from homology,unreviewed,1.0,Snakins
A0AA38SKG6,A0AA38SKG6_9ASTR,GASA-like protein,OSB04_027034,Centaurea solstitialis (yellow star-thistle),100,MAKFVAVLLLALIAIFMLQATVSAKGGHGNGSGPGSLTSSQCPGQCIRRCSKTQYHKPCMFFCQKCCAKCLCVPPGFYGNKQVCPCYNNWKTKEGGPKCP,Inferred from homology,unreviewed,1.0,Snakins
A0AAP0D5F1,A0AAP0D5F1_9ASTR,Snakin-1,SSX86_014087 SSX86_014091,Deinandra increscens subsp. villosa,90,MKPILSTFVLLALVLLSSSLLHTTMAADSSFCDSKCAVRCSKAGRQDRCLKYCGICCRDCNCVPSGTYGNKDECPCYRDKKNSKGGPKCP,Inferred from homology,unreviewed,1.0,Snakins
A0ABD3JSW6,A0ABD3JSW6_EUCGL,Snakin-1,ACJRO7_027709 ACJRO7_027710,Eucalyptus globulus (Tasmanian blue gum),89,MAKLTLATFLLVAFLVSSFFFDATMAGSSFCDSKCAVRCSKAGRKDRCLEYCGICCNKCQCVPSGTYGHKDECPCYRDMKNSKGQPKCP,Inferred from homology,unreviewed,1.0,Snakins
A0A314LAA9,A0A314LAA9_NICAT,Snakin-1,SN1_2 A4A49_02984,Nicotiana attenuata (Coyote tobacco),90,MKLAVIALLIVSLVLTSSFLQSAVAYDEPSSCDSKCAVRCGKAGIAKRCLTYCGICCNKCNCVPSGNYGNKSECPCYRDMLNSKGKSKCP,Inferred from homology,unreviewed,1.0,Snakins
A0A833VEM4,A0A833VEM4_9POAL,Snakin-2-like protein,FCM35_KLT12939,Carex littledalei,83,MAGKQHPAIVANFVDQMSEDPRECIGACEERCSLHSRKNVCKRACNTCCSVCKCVPGGTYGNRETCGTCYTDWTTHGNRTKCP,Inferred from homology,unreviewed,1.0,Snakins
A0A314KWT4,A0A314KWT4_NICAT,Snakin-1,SN1_1 A4A49_05645,Nicotiana attenuata (Coyote tobacco),88,MKLCFATLLVVTLVLTSSFIQITVAGSDFCDSKCKIRCSKAGRQDRCLKYCGICCEECQCVPSGTYGNKDECPCYRDKKNSKGKPKCP,Inferred from homology,unreviewed,1.0,Snakins
A0ABU6Z5P1,A0ABU6Z5P1_9FABA,Snakin-1,SN1_2 PIB30_016282,Stylosanthes scabra,88,MKLSFVSLLLVCLVLTSTFFEASMARPVLCGAKCAKRCSKAGMKDRCLKFCGICCNKCKCVPSGTYGNKHECPCYRDMKNSKGKPKCP,Inferred from homology,unreviewed,1.0,Snakins
R4RT84,R4RT84_GERHY,GASA-like protein GEG4,GEG4,Gerbera hybrida (Daisy),96,MAGGGRSYGALFLVLSLVLLITFADVAQGSKRLRPQDCKGKCTYRCSATSHKKPCMFFCQKCCAKCLCVPPGVYGNKQTCACYNNWKTQEGKPKCP,Evidence at transcript level,unreviewed,1.0,Snakins
A0ABS8UT93,A0ABS8UT93_DATST,Snakin-1,SN1_1 HAX54_020861,Datura stramonium (Jimsonweed) (Common thornapple),89,MKRFLLAFMLVFALLLSSSFLQPATAKSVYCAQKCEVRCSKAGLKDRCVKYCELCCAKCKCVPAGTYGNKHQCPCYRDLKNSKGKPKCP,Inferred from homology,unreviewed,1.0,Snakins
A0ABU6S7W3,A0ABU6S7W3_9FABA,Snakin-1,SN1_3 PIB30_017303,Stylosanthes scabra,91,MKKVMVVLANVLLLFLLLSTTLMDVSMAGSEFCDSKCAQRCSKAGVKDRCLKYCGICCDKCNCVPSGTYGNKDECPCYRDMKNSKGQDKCP,Inferred from homology,unreviewed,1.0,Snakins
A0ABU6UNJ4,A0ABU6UNJ4_9FABA,Snakin-1,SN1_5 PIB30_074779,Stylosanthes scabra,88,MKLSFVTLLLVCLVLTSTFFEASMARPVLCGAKCAKRCSKAGMKDRCLKFCGICCNKCKCVPSGTYGNKHECPCYRDMENSKGKPKCP,Inferred from homology,unreviewed,1.0,Snakins
A0ABU6Z7K0,A0ABU6Z7K0_9FABA,Snakin-1,SN1_4 PIB30_027906,Stylosanthes scabra,91,MKKVVMVFANVLILCLLLSTSFLDVSMAGSEFCDSKCAQRCSKAGVKDRCLKYCGICCDKCNCVPSGTYGNKDECPCYRDMKNSKGQDKCP,Inferred from homology,unreviewed,1.0,Snakins
A0A2U1M7E2,A0A2U1M7E2_ARTAN,GASA-like protein GEG2,CTI12_AA208660,Artemisia annua (Sweet wormwood),100,MAKFFAVLLLALITISMLQAFVSANGGHRGGFGPGSLKSSQCGGECIRRCSKTQYHKPCMFFCQKCCAKCLCVPPGFYGNKQVCPCYNNWKTKEGGPKCP,Inferred from homology,unreviewed,1.0,Snakins
A0AAV5CEP4,A0AAV5CEP4_ELECO,Snakin-1,ga13566 ga04658 PR202_ga04658 PR202_ga13566,Eleusine coracana subsp. coracana,93,MKLHATTTMALLLLFLLASSSLQVSMAGSEFCDSKCAYRCSKASRHDDCLKYCGICCAECHCVPSGTAGNKDECPCYRDKTTGEGARKRSKCP,Inferred from homology,unreviewed,1.0,Snakins
A0A1Q3CWC3,A0A1Q3CWC3_CEPFO,GASA domain-containing protein,CFOL_v3_27978,Cephalotus follicularis (Albany pitcher plant),88,MKPVFAAFLIVFIVLTSTFFDVTNAGSPFCDSKCEVRCSKAGVHDRCLKYCGICCAKCHCVPSGTYGNKHQCPCYMDLKNSKGKSKCP,Inferred from homology,unreviewed,1.0,Snakins
A0A1Q3C9F8,A0A1Q3C9F8_CEPFO,GASA domain-containing protein,CFOL_v3_20181,Cephalotus follicularis (Albany pitcher plant),84,MSLLLFITFSNVAEAYGSAKIRPSDCKPRCTYRCSATSHKKPCMFFCLKCCSKCLCVPPGTYGNKQVCPCYNNWKTQEGKPKCP,Inferred from homology,unreviewed,1.0,Snakins
A0A1Q3CEZ9,A0A1Q3CEZ9_CEPFO,GASA domain-containing protein,CFOL_v3_22269,Cephalotus follicularis (Albany pitcher plant),88,MKLFHATLLLSVVLFSFFLLEPAMATSPFCGNRCESRCSKAAVRDRCMKYCGICCEECNCVPSGTYGNKHECPCYRDKMNSKGRPKCP,Inferred from homology,unreviewed,1.0,Snakins
Q38939,Q38939_ARATH,GASA5,GASA5,Arabidopsis thaliana (Mouse-ear cress),97,MANCIRRNALFFLTLLFLLSVSNLVQAARGGGKLKPQQCNSKCSYRCSATSHKKPCMFFCLKCCKKCLCVPPGTFGNKQTCPCYNNWKTKEGRPKCP,Evidence at transcript level,unreviewed,1.0,Snakins
A8MQL8,A8MQL8_ARATH,GAST1 protein homolog 4,GASA4 GAST1 protein homolog 4 At5g15230 F8M21.120 F8M21_120,Arabidopsis thaliana (Mouse-ear cress),83,MASSGSNVKWSQKRYGPGSLKRTQCPSECDRRCKKTQYHKACITFCNKCCRKCLCVPPGYYGNKQVCSCYNNWKTQEGGPKCP,Evidence at protein level,unreviewed,1.0,Snakins
O65918,O65918_PICMA,GASA5-like protein,Sb35,Picea mariana (Black spruce) (Abies mariana),62,PSECGQRCSYRCSATSHKKPCMFFCQKCCAKCLCVPPGTYGNKQVCPCYNNWKTQQGGPKCP,Inferred from homology,unreviewed,1.0,Snakins
A0A0K0KJ81,A0A0K0KJ81_POPCA,GA stimulated protein 2,GASA2,Populus canadensis (Canadian poplar) (Populus deltoides x Populus nigra),91,MVSAKTTFILAILCLALMHELQIRTVEAGKINCKSKCEYRCSKASRHKMCIRACNTCCQRCNCVPPGTSGNEDTCPCYANMTTHGGRHKCP,Evidence at transcript level,unreviewed,1.0,Snakins
R4U976,R4U976_POPTO,GASA5,,Populus tomentosa (Chinese white poplar),95,MASLSRNSLLVVLSLFLLITLSNVAEIHGAKLRPSECKPRCNYRCSATSHKKPCMFFCLKCCATCLCVPPGTYGNKETCPCYNNWKTKEGRPKCP,Inferred from homology,unreviewed,1.0,Snakins
A0A251UBD6,A0A251UBD6_HELAN,Gibberellin regulated protein (Putative GAST1-5-like protein),GASA5 HannXRQ_Chr07g0189081 HanXRQr2_Chr07g0291371,Helianthus annuus (Common sunflower),96,MAGGRRAYTALFAVLLLVVLIALADVAEAKNRLPLRECKPRCIYRCSATSHKKPCMFFCQKCCATCRCVPPGVYGNKQKCACYNNWKTKEGRPKCP,Inferred from homology,unreviewed,1.0,Snakins
A0A9Q0F8T6,A0A9Q0F8T6_9ROSI,Gibberellin-regulated protein 2,GASA2 Tsubulata_018197,Turnera subulata,82,MATTKATFLLLLGFQAVEAQQIDCKSKCDYRCSKASRHKMCIRACNTCCQRCNCVPPGTSGNADVCPCYANMTTHGGRKKCP,Inferred from homology,unreviewed,1.0,Snakins
A0AAV9ET95,A0AAV9ET95_ACOCL,Gibberellin-regulated protein 2,GASA2 QJS10_CPA05g01963,Acorus calamus (Sweet flag),94,MAKATMVFGLLLLFLVLELNTNIGPKAAKGDLEIDCGAKCEYRCSEASRHNMCIRACNTCCDRCHCVPPGTSGHENVCPCYANMTTHGGRHKCP,Inferred from homology,unreviewed,1.0,Snakins
A0AAV9D0F4,A0AAV9D0F4_ACOCL,Gibberellin-regulated protein 6,GASA6 QJS10_CPA16g01310,Acorus calamus (Sweet flag),76,MEHQKGKFGPGSLRSNQCPNECTRRCSKTQYHKPCMFFCQKCCHKCLCVPPGFYGNKQVCACYNNWKTKRGGPKCP,Inferred from homology,unreviewed,1.0,Snakins
A0A9Q0FK98,A0A9Q0FK98_9ROSI,Gibberellin-regulated protein 4,GASA4 Tsubulata_010129,Turnera subulata,99,MAKFAAVFLLALIAISMLQTLVVAGGRQGNYGPGSVKSYQCPSQCTRRCSKTQYHKPCMFFCQKCCRKCLCVPPGFYGNKQVCPCYNNWKTKEGGPKCP,Inferred from homology,unreviewed,1.0,Snakins
A0AAV9CSB4,A0AAV9CSB4_ACOCL,Gibberellin-regulated protein 2,GASA2 QJS10_CPB17g00494,Acorus calamus (Sweet flag),94,MAKATMVFGLLLLLLVLELNTNIGPKAVKGDVEIDCGAKCEYRCNEASRHNMCIRACNTCCDRCHCVPPGTSGHEDVCPCYANMTTHGGRHKCP,Inferred from homology,unreviewed,1.0,Snakins
A0AAV9F0B2,A0AAV9F0B2_ACOCL,Gibberellin-regulated protein 4,GASA4 QJS10_CPB04g00621,Acorus calamus (Sweet flag),93,MAAKLLAVILITLFLVSIASSEGKFGPGSLRSNQCPNECTRRCSKTQYHKPCMFFCQKCCQKCLCVPPGFYGNKQVCACYNNWKTKRGGPKCP,Inferred from homology,unreviewed,1.0,Snakins
I1L5X9,I1L5X9_SOYBN,Gibberellin-regulated protein 14,GASA14,Glycine max (Soybean) (Glycine hispida),83,MNKEATCMTTRANMEVEVSRVTVKCPSQCSRRCSQTQYHKPCMFFCQKCCRTCLCVPPGYYGNKAVCPCYNNWKTKEGGPKCP,Inferred from homology,unreviewed,1.0,Snakins
A0AAP0C5I1,A0AAP0C5I1_9ASPA,Gibberellin-regulated protein 12,GASA12 KSP39_PZI000845,Platanthera zijinensis,79,MATSDASQLMGGERSLRPDQCGQACDHRCSATSHRKACLFYCNKCCAKCLCVPSGTYGHKEECPCYNNWKTHKGTPKCP,Inferred from homology,unreviewed,1.0,Snakins
A0AAV9CY30,A0AAV9CY30_ACOCL,Gibberellin-regulated protein 12,GASA12 QJS10_CPB17g01571,Acorus calamus (Sweet flag),92,MGRSLCALLLLSLLLSAAFFVASAKDLSGRESLVNDGKKHHRHSGFSQAECPGACDFRCSKTQYRKPCMFFCQKCCFKCRCVPPGTYAHKEA,Inferred from homology,unreviewed,1.0,Snakins
A0AAW0K2I5,A0AAW0K2I5_QUESU,Gibberellin-regulated protein 3,GASA3 CFP56_025855,Quercus suber (Cork oak),96,MARTNIVLVLTILFFVLMPEWEIFGGPQFMVEAGHINCGARCGYRCSKSSRHKMCIRACNTCCQRCHCVPPGTSGNYEKCPCYWHMKTRGGRRKCP,Inferred from homology,unreviewed,1.0,Snakins
A0AAD6PUD4,A0AAD6PUD4_9ROSI,GASA5,NC653_038567,Populus alba x Populus x berolinensis,95,MASLSRNSLLVVLSLFLLITFSNVAEIHGAKLRPSECKPRCNYRCSATSHKKPCMFFCLKCCATCLCVPPGTYGNKETCPCYNNWKTKEGRPKCP,Inferred from homology,unreviewed,1.0,Snakins
K7N437,K7N437_SOYBN,Uncharacterized protein,GASA37,Glycine max (Soybean) (Glycine hispida),97,MAITRSTVVLAILCFILIRAELGIYGEDLHMDAAKNIDCGGKCNYRCSKTSRHKMCIRACNSCCKTCSCVPPGTSGNRDMCPCYASLTTHGGKLKCP,Inferred from homology,unreviewed,1.0,Snakins
A0ABS8RRR2,A0ABS8RRR2_DATST,Gibberellin-regulated protein 13,GASA13 HAX54_051003,Datura stramonium (Jimsonweed) (Common thornapple),82,MASISAAKPLIGSTTCPVPRNKCGAACIKRCSHKGHKKRCLFYCNHCCGWCQCVPPGYVGQNKGCCSCYNNWKTQIGGPKCP,Inferred from homology,unreviewed,1.0,Snakins
A0ABS8VED2,A0ABS8VED2_DATST,Gibberellin-regulated protein 14,GASA14 HAX54_033266,Datura stramonium (Jimsonweed) (Common thornapple),99,MMILIKSDLLFAVLKVAKYMNNGDLALAPAPAPPPSQLDCGGLCKYRCSLHSRPNVCVRACGTCCVRCKCVPPGTFGNREMCGKCYTEMTTHGNKTKCP,Inferred from homology,unreviewed,1.0,Snakins
I1LX92,I1LX92_SOYBN,Gibberellin-regulated protein 19,GASA18 GASA19,Glycine max (Soybean) (Glycine hispida),93,MTKVVCALLLIFVMAFVTQVAYGGGEGSLTPQECPGACDYRCSKADRTKKACLNFCNMCCAKCLCVPSGTYGHKEECPCYNNWKTKRGTPKCP,Inferred from homology,unreviewed,1.0,Snakins
I1MBW9,I1MBW9_SOYBN,Protein RSI-1,GASA23,Glycine max (Soybean) (Glycine hispida),97,MAARSYSPTMVALSLLLLVTFSNVAEAYTRSGTLRPSDCKPRCTYRCSATSHKKPCMFFCQKCCAKCLCVPPGTYGNKQVCPCYNSWKTKEGGPKCP,Inferred from homology,unreviewed,1.0,Snakins
A0A0R4J481,A0A0R4J481_SOYBN,Uncharacterized protein,GASA16,Glycine max (Soybean) (Glycine hispida),96,MAISKSTVVVVILCFILIQELGIYGEDPHMDAAKKIDCGGKCNSRCSKARRQKMCIRACNSCCKKCRCVPPGTSGNRDLCPCYARLTTHGGKLKCP,Inferred from homology,unreviewed,1.0,Snakins
A0AAW0KUZ1,A0AAW0KUZ1_QUESU,Gibberellin-regulated protein 10,GASA10 CFP56_014087,Quercus suber (Cork oak),73,MKLAFATFLLVCLVLSSSFFEATMAGSIQDRCLKYCGICCEKCHCVPSGTYGNKDECPCYRDLKNSKGKSKCP,Inferred from homology,unreviewed,1.0,Snakins
K7LKR3,K7LKR3_SOYBN,Uncharacterized protein,GASA15,Glycine max (Soybean) (Glycine hispida),96,MALTRSTVVLALLCFILIQELGIYGGDSHRVASNKIDCVGKCNYRCSKAGRNVMCLRACNACCQRCNCVPPGTSGNRDLCPCYARLTTHGGHLKCP,Inferred from homology,unreviewed,1.0,Snakins
A0ABD1HPU0,A0ABD1HPU0_SALDI,Gibberellin-regulated protein 9,GASA9 AAHA92_12576,Salvia divinorum (Maria pastora) (Diviner's sage),98,MKLLHLFLIFSLFFQVFVVEGEEGNLQELTKKHRPHAINCNYACARRCSKSSRKKVCHRACKSCCTTCHCVPPGTYGNKALCPCYAKLKTHGNKPKCP,Inferred from homology,unreviewed,1.0,Snakins
