Entry,Entry Name,Protein names,Gene Names,Organism,Length,Sequence,Protein existence,Reviewed,Annotation,Is_Predicted,Label
C0HJH9,THNW1_NIGSA,Thionin NsW1,,Nigella sativa (Black cumin),35,KSCCKNTLGRNCYNTCRFMKKPRKTCSGLCGCKIS,Evidence at protein level,reviewed,3.0,False,Thionins
C0HJI0,THNW2_NIGSA,Thionin NsW2,,Nigella sativa (Black cumin),35,KSCCKNTLGRNCYNTCRFIKKPRKTCAGLCGCKIS,Evidence at protein level,reviewed,3.0,False,Thionins
P82659,DFSD2_HELAN,Defensin SD2 (Flower-specific gamma-thionin),SD2,Helianthus annuus (Common sunflower),78,MKSSMKMFAALLLVVMCLLANEMGGPLVVEARTCESQSHKFKGTCLSDTNCANVCHSERFSGGKCRGFRRRCFCTTHC,Evidence at transcript level,reviewed,3.0,False,Thionins
P07504,THN_PYRPU,Thionin,THI1,Pyrularia pubera (Buffalo nut) (Oil nut),47,KSCCRNTWARNCYNVCRLPGTISREICAKKCDCKIISGTTCPSDYPK,Evidence at protein level,reviewed,2.0,False,Thionins
P60057,THND_HELPU,Hellethionin-D,,Helleborus purpurascens (Purple hellebore),46,KSCCRNTLARNCYNACRFTGGSQPTCGILCDCIHVTTTTCPSSHPS,Evidence at protein level,reviewed,3.0,False,Thionins
P20158,DEF1_WHEAT,Defensin-like protein 1 (Gamma-1-purothionin),,Triticum aestivum (Wheat),47,KICRRRSAGFKGPCMSNKNCAQVCQQEGWGGGNCDGPFRRCKCIRQC,Evidence at protein level,reviewed,3.0,False,Thionins
B2CM18,B2CM18_SOLCH,Gamma-thionin/defensin,DEF1,Solanum chacoense (Chaco potato),76,MANSMRLFATMLLLAMLVMATGPTRIVEARTCESQSHRFKGPCVSEKNCASVCETEGFSGGDCRGLRRRCFCTRPC,Evidence at transcript level,unreviewed,2.0,False,Thionins
P20230,DEF1_HORVU,Defensin-like protein 1 (Gamma-hordothionin),,Hordeum vulgare (Barley),47,RICRRRSAGFKGPCVSNKNCAQVCMQEGWGGGNCDGPLRRCKCMRRC,Evidence at protein level,reviewed,2.0,False,Thionins
P20159,DEF2_WHEAT,Defensin-like protein 2 (Gamma-2-purothionin),,Triticum aestivum (Wheat),47,KVCRQRSAGFKGPCVSDKNCAQVCLQEGWGGGNCDGPFRRCKCIRQC,Evidence at protein level,reviewed,2.0,False,Thionins
A0A7N0U5J1,A0A7N0U5J1_KALFE,Thionin,,Kalanchoe fedtschenkoi (Lavender scallops) (South American air plant),62,MKMVVAVLLVAVCLMGSPEIEMGVEAGPADCLDACQTACVQPSQPRLTARCERKCTIRCGPD,Predicted,unreviewed,1.0,True,Thionins
Q9MB66,Q9MB66_TOBAC,Thionin like protein,Nt-thionin,Nicotiana tabacum (Common tobacco),78,MANSMRFFATVLLIALLVTATEMGPMTIAEARTCESQSHRFKGPCSRDSNCATVCLTEGFSGGDCRGFRRRCFCTRPC,Evidence at transcript level,unreviewed,1.0,False,Thionins
Q8LD66,Q8LD66_ARATH,Thionin-like protein,,Arabidopsis thaliana (Mouse-ear cress),73,MKKQVTIVAALLIMMALCSSLNMVAEAQLGPGDCYDGCSTACVQRDPRKTSRCDRKCSIRCGPDAARASGSGV,Evidence at transcript level,unreviewed,1.0,False,Thionins
Q9XG53,Q9XG53_SOLLC,Gamma-thionin,,Solanum lycopersicum (Tomato) (Lycopersicon esculentum),72,MRLFATMLLLAMLVMATGPMRIVEARTCESQSHRFKGPCVSEKNCASVCETEGFSGGDCRGFRRRCFCTRPC,Evidence at transcript level,unreviewed,1.0,False,Thionins
F4ICE9,F4ICE9_ARATH,Thionin-like protein,At1g25275,Arabidopsis thaliana (Mouse-ear cress),85,MMKKQVTIVAALLIMMALCSSLNMVAEAQLGPGDCYDGCSTACVQRDPRKTSRCDRKCSIRCGPGKHYETGYVPTDAARASGSGV,Predicted,unreviewed,1.0,True,Thionins
A0MJV5,A0MJV5_ARATH,Plant thionin family protein,,Arabidopsis thaliana (Mouse-ear cress),81,MSLKKCVVLMVVVLVVMVAMVEEVEGLSYATCMDLCETKCNFFFTHPEKYCKDKCDRKCRRLQSAQSSQMETIEMRNINGG,Evidence at transcript level,unreviewed,1.0,False,Thionins
F4ICE8,F4ICE8_ARATH,Thionin-like protein,At1g25275,Arabidopsis thaliana (Mouse-ear cress),74,MMKKQVTIVAALLIMMALCSSLNMVAEAQLGPGDCYDGCSTACVQRDREKTSRCDRKCSIRCGPDAARASGSGV,Evidence at protein level,unreviewed,1.0,False,Thionins
A0MJV3,A0MJV3_ARATH,Plant thionin family protein,,Arabidopsis thaliana (Mouse-ear cress),93,MGIQTRSVLIIVAILTMMFSAHIAQSNSITMCVKHCAQNECLKAAKKPTPKICDEACKKICNNQLFGDEKWFVPAPKGSSRICRWAPKYCQFG,Evidence at transcript level,unreviewed,1.0,False,Thionins
F4ICF0,F4ICF0_ARATH,Thionin-like protein,At1g25275,Arabidopsis thaliana (Mouse-ear cress),74,MMKKQVTIVAALLIMMALCSSLNMVAEAQLGPGDCYDGCSTACVQRDPRKTSRCDRKCSIRCGPDAARASGSGV,Predicted,unreviewed,1.0,True,Thionins
A0A3B6RTJ8,A0A3B6RTJ8_WHEAT,Thionin-like peptide,,Triticum aestivum (Wheat),89,MEGKRMLTSTTTLKVIMCLLILSLTVNSTTADCGCCISLAAKGCCSTCIFAGGSDFACKNTCCFPCILEDSVVAKMDEMGVASKMEGLY,Predicted,unreviewed,1.0,True,Thionins
A0A5H2Q8X1,A0A5H2Q8X1_CAPAN,Thionin 5,Thio5,Capsicum annuum (Capsicum pepper),84,MARSTYFMASIVLAMTIFVDYGVQGKEICCKEVTKPVKCSSDPICQKVGMEKEKYEDGHCFTILSKWLCMKRCNVKTLATELLA,Evidence at transcript level,unreviewed,1.0,False,Thionins
A0A7J6UTD6,A0A7J6UTD6_THATH,Thionin,FRX31_034911,Thalictrum thalictroides (Rue-anemone) (Anemone thalictroides),62,SADTINDYCKLGCASSVCNSISTVQNSDASEEAANKALELCNNACSDFCTKGSNIALVTSAA,Predicted,unreviewed,1.0,True,Thionins
A0A7J6X104,A0A7J6X104_THATH,Thionin,FRX31_007006,Thalictrum thalictroides (Rue-anemone) (Anemone thalictroides),56,TINEYCKLGCASSVCDSISTLQISDAGEAVVKEAVGQCKNACSAFCSKGSTIALES,Predicted,unreviewed,1.0,True,Thionins
Q5BQ30,Q5BQ30_WHEAT,Thionin-like peptide,,Triticum aestivum (Wheat),89,MEGKRMLISTTTLKVIMCLLILSLAVNSTTADCGCCISFAAKACCSSCIFAGGSDFACKNTCCFPCLLEDSVVAKMDEMGVAPKMEGLY,Predicted,unreviewed,1.0,True,Thionins
A0A2P5A6A6,A0A2P5A6A6_PARAD,Thionin,PanWU01x14_364490,Parasponia andersonii (Sponia andersonii),78,MANRNTKIPAVLIMSVLFIGAFFQTGEALTPCAKECMPVCLKEDGATIPVCETACESYCKQAASGSGQGGGGIMDKHH,Predicted,unreviewed,1.0,True,Thionins
A0A2P5D3W4,A0A2P5D3W4_TREOI,Thionin,TorRG33x02_263070,Trema orientale (Charcoal tree) (Celtis orientalis),78,MANRNIKIPAVLIMSVLFIGAFFQTGEALTPCAKECMPVCLKEDGATIPVCETACESYCKQAASGSGQGGGGIMDRHH,Predicted,unreviewed,1.0,True,Thionins
A0A397YD89,A0A397YD89_BRACM,Thionin-like protein,,Brassica campestris (Field mustard),74,MMKKQVTIVAALLILVALSSNLDMVAEAQLGPGDCYDGCSTACVQRDSRKTARCDRKCSIRCGPDAKKAGKTGA,Predicted,unreviewed,1.0,True,Thionins
A0A5A4MJN9,A0A5A4MJN9_CAPAN,Thionin 3,Thio3,Capsicum annuum (Capsicum pepper),88,MARSIYFMAFLVLAMTLFVANEVQGKEICCKDVSRAVICSSDPLCKQICIEEENYEDGHCFTILRKCVCMRRCNVVQDVKTLAAKLLA,Evidence at transcript level,unreviewed,1.0,False,Thionins
A0A5A4MPG5,A0A5A4MPG5_CAPAN,Thionin 1,Thio1,Capsicum annuum (Capsicum pepper),84,MARSIYFMAFLVLAMTLFVANGVQGKEICCKELTKPVKCSSDPLCQKLCMEKEKYEDGHCFTILRKCLCMKRCNAKTLATELLA,Evidence at transcript level,unreviewed,1.0,False,Thionins
A0A5H2Q942,A0A5H2Q942_CAPAN,Thionin 8,Thio8,Capsicum annuum (Capsicum pepper),84,MARSIYFMAFLVLAMTLFVANGVQGKEICCKELTKPVKCSSDPLCQKLCMEKEKYEDGHCFTILRKCLCMKRCNAKTLATELLD,Evidence at transcript level,unreviewed,1.0,False,Thionins
A0A7J6I1E3,A0A7J6I1E3_CANSA,Thionin,G4B88_001568,Cannabis sativa (Hemp) (Marijuana),61,QGDHAVNEYCKLGCTSSVCGAITTLQNSDASEVVNRAVEKCTKACSVFCSKGSISAVETEI,Inferred from homology,unreviewed,1.0,False,Thionins
A0A0D3AW85,A0A0D3AW85_BRAOL,Thionin-like protein,,Brassica oleracea var. oleracea,99,MEMKTKIVFMVTMLMIGNLIVESEDINKDFQKCFTLCLNICILGPVRDKLGCFGKCGKSCGRPSEIDRGVSAQDPKKEIDVKKAKDCLYSGSDTGDKKF,Predicted,unreviewed,1.0,True,Thionins
A0A0D3BI71,A0A0D3BI71_BRAOL,Thionin-like protein,,Brassica oleracea var. oleracea,74,MMKKQLTIVAALLILVALSSNLDMVAEAQLGPGDCYDGCSTACVQRDSRKTSRCDRKCSIRCGPDTKKAGETGA,Predicted,unreviewed,1.0,True,Thionins
A0A0D3CD93,A0A0D3CD93_BRAOL,Thionin-like protein,,Brassica oleracea var. oleracea,73,MKKQVTILAALLIIMAFSSNLDMVAEAQLGPGDCYDSCSTGCVQRDSRKIARCDSKCSIRCGPDAKKARKTGA,Predicted,unreviewed,1.0,True,Thionins
A0A0D3DBW4,A0A0D3DBW4_BRAOL,Thionin-like protein,,Brassica oleracea var. oleracea,78,MEMKRIVVFMVMVLIFRNLLVESEVINRRWGDCFKICYNICVTGPIHDRLGCWPRCAAECGPKKKIDVKKAKDYVITC,Predicted,unreviewed,1.0,True,Thionins
A0ABM0Z6C9,A0ABM0Z6C9_CAMSA,Thionin-like,LOC104787218,Camelina sativa (False flax) (Myagrum sativum),85,MCASLSGCKIVNGKCPNGYTHDTLQNSGDAVNEYCKLGCTSSVCAAMVTLQNSDASETVSGAVAQCTKACSTFCTKGSSTVVETA,Inferred from homology,unreviewed,1.0,False,Thionins
I1KUH4,I1KUH4_SOYBN,Thionin-like protein,,Glycine max (Soybean) (Glycine hispida),73,MKKMVAAMMLFLLISTQMKSVEPDAADCLDGCSTACVQSDSRLQARCERKCSIRCGPGNQPNPKYLFFKLIML,Predicted,unreviewed,1.0,True,Thionins
Q945D8,Q945D8_CASSA,Putative gamma-thionin,,Castanea sativa (Sweet chestnut),78,MSRSMRVFSTVFVVLLLLVATQYMGPMVAEARTCESQSHRFKGPCVRKSNCASVCQTEGFHGGQCRGFRRRCFCTKHC,Evidence at transcript level,unreviewed,1.0,False,Thionins
A0A8X7P254,A0A8X7P254_BRACI,Thionin,Bca52824_094549,Brassica carinata (Ethiopian mustard) (Abyssinian cabbage),89,MKSRSRNLATLSLTILTVLSWTNIVAGQEALLGKKVLPLCHRECMPICMKVTEATQEVCDGACQAGCVQLQGRGTGLSATDQGVDMVIA,Predicted,unreviewed,1.0,True,Thionins
C6SY67,C6SY67_SOYBN,Thionin-like protein,,Glycine max (Soybean) (Glycine hispida),66,MKKMVAAMMLFLLISTQMKSVEPDAADCSDGCSTACVQSDSRLQARCERKCSIRCGPDSTIKEDMS,Evidence at transcript level,unreviewed,1.0,False,Thionins
I1MDS8,I1MDS8_SOYBN,Thionin-like protein,,Glycine max (Soybean) (Glycine hispida),96,MKKMVVAMMLIFLLISTQMESVEPDAADCLDGCTTACVQSDSRLQARCDRKCSIRCGPGNQPNPKYFFFILTMLYIDISWMDKKKEKDKMIFCLLT,Predicted,unreviewed,1.0,True,Thionins
A0A0R0JWU4,A0A0R0JWU4_SOYBN,Thionin-like protein,,Glycine max (Soybean) (Glycine hispida),89,MVYKSLGLAVILVLYMPLVVVVVDSATGFGDEVERDKIPVSTCFGKCMNICMKIKFAADSECQKACRMGCKQLQGKGSIFYRPQKDIEK,Predicted,unreviewed,1.0,True,Thionins
A0A3B6RTF1,A0A3B6RTF1_WHEAT,Thionin-like peptide,,Triticum aestivum (Wheat),84,MLTSTTTLKVIMCLLILSLTVNSTTADCGCCISLAAKGCCSTCIFAGGSDFACKNTCCFPCILEDSVVAKMDEMGVASKMEGLY,Predicted,unreviewed,1.0,True,Thionins
A0A5A4MKU4,A0A5A4MKU4_CAPAN,Thionin 2,Thio2,Capsicum annuum (Capsicum pepper),100,MARSIYFMAFLVLAMTLFVAYEVQGQNICKTTSKHFPGLCWLDSSCRKVCIEQDKFEDGHCSKLQRKCLCTKLCAFDNIPNDAGTILVQDVKTLEAELLA,Evidence at transcript level,unreviewed,1.0,False,Thionins
A0A7J6WDJ3,A0A7J6WDJ3_THATH,Thionin,FRX31_015733,Thalictrum thalictroides (Rue-anemone) (Anemone thalictroides),56,SINEYCKLGCASSVCNVAIKTLKNSSEQVVKEAMQRCKNACSKFCTKGFTSSLETA,Predicted,unreviewed,1.0,True,Thionins
A0A7J6WTK1,A0A7J6WTK1_THATH,Thionin,FRX31_009714,Thalictrum thalictroides (Rue-anemone) (Anemone thalictroides),83,MVAYVSGECPSGYPSLISLLKNSAGASFNRYCKVGCVSSVYATLQNSGQDAGEEIMKAAVEHCTNACSSFGTKGSTTSAHELA,Predicted,unreviewed,1.0,True,Thionins
A0A7J6XB40,A0A7J6XB40_THATH,Thionin,FRX31_003402,Thalictrum thalictroides (Rue-anemone) (Anemone thalictroides),69,MEVLFFSTPDTIDDYCKLGCASSVCNTISTLRNFEDADEEVANKALELCNNACSDFCTKGSNIALVTAS,Predicted,unreviewed,1.0,True,Thionins
A0A8X7R9N5,A0A8X7R9N5_BRACI,Thionin,Bca52824_052329,Brassica carinata (Ethiopian mustard) (Abyssinian cabbage),59,MTDVVNECCKLGCTFVCVPLTTLQGSGGSEIGDGAIEDCAKSCSAFCTNGSTKLAVETA,Predicted,unreviewed,1.0,True,Thionins
C6SXB9,C6SXB9_SOYBN,Thionin-like protein,,Glycine max (Soybean) (Glycine hispida),59,MLIFLLISTQMESVEPDAVDCLDGCTTACVQSDSRLQARCDRKCSIRCGPDSTIKEDMG,Evidence at transcript level,unreviewed,1.0,False,Thionins
A8MRM7,A8MRM7_ARATH,Plant thionin family protein,At5g34828,Arabidopsis thaliana (Mouse-ear cress),91,MATQTIKKIYSVLIIVALFTMMVSTFASTIEICVKHCVPNQCIKVFKKATLPLCENACKKLCNQNKFAHVKFYSMPPQDLCEGFFGLLCNN,Predicted,unreviewed,1.0,True,Thionins
A8MS10,A8MS10_ARATH,Plant thionin family protein,At1g58248,Arabidopsis thaliana (Mouse-ear cress),91,MAPQTMKKICSVLMIVVLFMMMVSTYASTLEVCVKHCVPNQCMKVSEKATLPLCENACKKLCNENKFSHEKSIVPRSYCDGLWWWLCKKPK,Predicted,unreviewed,1.0,True,Thionins
A8MS58,A8MS58_ARATH,Plant thionin family protein,At3g48205,Arabidopsis thaliana (Mouse-ear cress),98,MNMKKCIALMLVAVVITTMGGEVESVSCEIKCMLKCGGLLVPENTCIEPCMRAQCHKPPRLSCWDKCLFLCGLSLSSQKTCTDKCKKKCHISYVFPSQ,Evidence at protein level,unreviewed,1.0,False,Thionins
A8MS77,A8MS77_ARATH,Plant thionin family protein,At3g44718,Arabidopsis thaliana (Mouse-ear cress),67,MTKSNVIMVILLVMIAAIGGEARHKHRKTWIGCFRYCSRSCSEYDGNCFEHCKIKCGGPTPPKTNSR,Predicted,unreviewed,1.0,True,Thionins
B6EUC3,B6EUC3_ARATH,Plant thionin family protein,At1g30972,Arabidopsis thaliana (Mouse-ear cress),77,MGAKWNSMIIMVFVVTMVIAMENVNGETKAQCHEDCILGCATTGRIPITCLQNCYRRCPGKPRRTLGNHFSEVEAQK,Predicted,unreviewed,1.0,True,Thionins
F4HPT7,F4HPT7_ARATH,Plant thionin family protein,At1g53282,Arabidopsis thaliana (Mouse-ear cress),80,MSLKKCVVLMVVVLVVMVAMVEEVEGLSYATCMDLCETKCNFFFTHPEKYCKDKCDRKCRRLQSAQSSQMETIEMRNING,Predicted,unreviewed,1.0,True,Thionins
Q9LHF2,Q9LHF2_ARATH,Plant thionin family protein,At3g24465,Arabidopsis thaliana (Mouse-ear cress),87,MATQTTKKIYSVLMIVVLFTMIVSTYASTMEVCVKHCIPNQCMKVSQKATLPLCETACTKLCNENKDEKYIVPRSYCDGLFWFLCDN,Predicted,unreviewed,1.0,True,Thionins
A7REE4,A7REE4_ARATH,Plant thionin family protein,At1g21925,Arabidopsis thaliana (Mouse-ear cress),100,MAAQSLKKTCDLLIITTLLAMMFSAQISHSNNVNMCIKHCVSNQCLKEVKNATPIMCEDACKKLCTEQQQSGQERYLLPVPPGTSKFCRLFPKVCGLFNL,Predicted,unreviewed,1.0,True,Thionins
A7REE7,A7REE7_ARATH,Plant thionin family protein,At1g34792,Arabidopsis thaliana (Mouse-ear cress),92,MGIQTCSVLIIVAILTMMFSAHIAQSNSITMCVKHCAQNECLKAAKKPTPEICDEACKKICNNQLFGDEKWFVPAPKGSSRICRWAPEYCQF,Predicted,unreviewed,1.0,True,Thionins
A7REF0,A7REF0_ARATH,Plant thionin family protein,At1g34860,Arabidopsis thaliana (Mouse-ear cress),92,MGIQTRSVLIIVAILTMMFSAHIAQSNSITMCVKHCAQNECLKAAKKPTPKICDEACKKICNNQLFGDEKWFVPAPKGSSRICRWAPKYCQF,Evidence at transcript level,unreviewed,1.0,False,Thionins
A8MQ79,A8MQ79_ARATH,Plant thionin family protein,At3g48209,Arabidopsis thaliana (Mouse-ear cress),67,MEMKKCSMIMMIMMMVVMASIRGGEAIIIRTTCKQMCIDQCGGRITVPETPCLRKCLHEKCGFPAPP,Predicted,unreviewed,1.0,True,Thionins
A8MRJ5,A8MRJ5_ARATH,Plant thionin family protein,At5g38378,Arabidopsis thaliana (Mouse-ear cress),87,MATQTIKKIYSVLMIVVLFTMMVSTNASTVEVCVKHCVPNQCMKVSQKATLPLCETACTKLCNENKHEEYVVPRSYCEGLFWFLCDN,Predicted,unreviewed,1.0,True,Thionins
B3H505,B3H505_ARATH,Plant thionin family protein,At1g30974,Arabidopsis thaliana (Mouse-ear cress),77,MGAKWNSMIIMVFVVTMVIAMENVNGETRAQCHEDCITDCATTGIIPIKCLQNCYRRCPGKPRRTLGHHFSEVEAQT,Predicted,unreviewed,1.0,True,Thionins
B3H566,B3H566_ARATH,Plant thionin family protein,At1g30972,Arabidopsis thaliana (Mouse-ear cress),79,MGAKWNSMIIMVFVVTMVIAMENVNGETKAQCHEDCILGCATTGRIPITCLQNCYRRCPGKPRRTLGNHFSEGKNKQTI,Predicted,unreviewed,1.0,True,Thionins
F4HPT8,F4HPT8_ARATH,Plant thionin family protein,At1g53285,Arabidopsis thaliana (Mouse-ear cress),69,MVVVLVVMVAMVDDVEGRLSYATCMDLCETKCNFFFTHPEKYCKDKCNRKCRRLQSSQVETIGMRNING,Predicted,unreviewed,1.0,True,Thionins
A7RED7,A7RED7_ARATH,Plant thionin family protein,At1g11572,Arabidopsis thaliana (Mouse-ear cress),89,MKNRSKNLATLSLMIITLLTWSDIVVGQEALLGKKVLPLCHRECMPICMKVIEATQDICEPACQSGCLQLQGRGTGLSASDQGVDMVIA,Evidence at protein level,unreviewed,1.0,False,Thionins
A8MQJ3,A8MQJ3_ARATH,Plant thionin family protein,At5g35698,Arabidopsis thaliana (Mouse-ear cress),77,MENKRMGVFVVVMLMIGTLMVESREIATTPITVKPTFPICYTTCFALCLLNPIFLNKKKCPEKCGNKCLESKPNPPK,Predicted,unreviewed,1.0,True,Thionins
A8MRL8,A8MRL8_ARATH,Plant thionin family protein,At1g35035,Arabidopsis thaliana (Mouse-ear cress),92,MAIQTRSVLMIVAILTMMFSAHLAQSNSITMCVKSCAQNKCLKAAKKPTPKICDETCKKICNNQLFGDEKMFVPAPKGSSRICRWMPQYCQF,Predicted,unreviewed,1.0,True,Thionins
A8MSA5,A8MSA5_ARATH,Plant thionin family protein,At5g63087,Arabidopsis thaliana (Mouse-ear cress),74,MENKYSSVVMILVLVVMAAIGGEASDLSCEQKCRSACAGGKGFVHLPECYIDCVRKCKDIPPTIETSRDGRMKA,Evidence at protein level,unreviewed,1.0,False,Thionins
F4HZQ2,F4HZQ2_ARATH,Plant thionin family protein,At1g21864,Arabidopsis thaliana (Mouse-ear cress),93,MAVQVSKKICRVLMIVILFAMMFSAHSNSIDVCVKNCGVNQCMKASKKATPAICDNPCKIICDPLNNERYIVPRGNGGPIKRFCRAFSWICSA,Predicted,unreviewed,1.0,True,Thionins
A8MR94,A8MR94_ARATH,Plant thionin family protein,At1g58245,Arabidopsis thaliana (Mouse-ear cress),86,MKKICRVLMIVVLFTMMVSTYASTLEVCVKHCVPNQCMKVSEKATLPLCENACKKLCNENKFSHEKSIVPRSYCDGLWWWLCKKPK,Predicted,unreviewed,1.0,True,Thionins
A8MRY8,A8MRY8_ARATH,Plant thionin family protein,At1g21835,Arabidopsis thaliana (Mouse-ear cress),90,MTTQTCNVFMFVAILTMMFSAHIAQSNSLTMCVKHCAHNRCLKAAKNSTPEICDETCKKICNNQLFGGKKFIVPPPKGSSHFCRWLPQFC,Predicted,unreviewed,1.0,True,Thionins
F4I7U4,F4I7U4_ARATH,Plant thionin family protein,At1g30974,Arabidopsis thaliana (Mouse-ear cress),79,MGAKWNSMIIMVFVVTMVIAMENVNGETRAQCHEDCITDCATTGIIPIKCLQNCYRRCPGKPRRTLGHHFSEGKKKIKI,Predicted,unreviewed,1.0,True,Thionins
A8MQX5,A8MQX5_ARATH,Plant thionin family protein,At3g48208,Arabidopsis thaliana (Mouse-ear cress),82,MAMMKVMLMVVMMMVLVGTIIVIGEESHADCLKRCQQLCVDKPLDKNCVRQCVFFNCGPPALPTNVHHSNRMKAPQNHGIRG,Evidence at protein level,unreviewed,1.0,False,Thionins
A8MRP7,A8MRP7_ARATH,Plant thionin family protein,At1g34930,Arabidopsis thaliana (Mouse-ear cress),92,MGIQTNSVLIIVSILTMMFSAHIAQPNGITMCVKHCAQNECLKAAKKPTPEICDEACKKICNNQLFGDEKWFVPAPKGSSRICRWAPKYCQL,Predicted,unreviewed,1.0,True,Thionins
A0A0D3E1Z0,A0A0D3E1Z0_BRAOL,Plant thionin family protein,,Brassica oleracea var. oleracea,81,MEKKLSLAMVVFVLVVMAAIGGEAVNHLCTFKCEITCRDPEFKTECFRACMADCDHDKPTSTFHSTKAYSMKTGEMEDIRG,Predicted,unreviewed,1.0,True,Thionins
A0A103YE22,A0A103YE22_CYNCS,Gamma thionin,Ccrd_014210,Cynara cardunculus var. scolymus (Globe artichoke) (Cynara scolymus),68,MLWFKTIVTIGIAEETMVKVIEAKMCQTTGHAFSCVNDSTCNGSCEKQGFASGKCDGLRRRCTCYKQC,Predicted,unreviewed,1.0,True,Thionins
A0A2U1PD00,A0A2U1PD00_ARTAN,Gamma thionin,CTI12_AA164140,Artemisia annua (Sweet wormwood),67,MQFFDMKHQQHLGSSCLISVETGVKVTEAKMCRTTGHMASCVNDRTCTSSCEKQGFTSGSCDGIRRR,Predicted,unreviewed,1.0,True,Thionins
A0A3P5YY88,A0A3P5YY88_BRACM,Plant thionin family protein,,Brassica campestris (Field mustard),74,MSKVKSMVWIVMILAVLVIGGEAKSEIECSKICRPHCQRSSPASECAACRTECYKLPPVAMRGRNRRMVSEKQQ,Predicted,unreviewed,1.0,True,Thionins
A0A7N2LPU2,A0A7N2LPU2_QUELO,Thionin-like protein 2,,Quercus lobata (Valley oak),97,MGVLVKESTASFKSCYQGCFILCIITPNQSAISCPFKCLIDCIKPSFPIDFTHRDNDYFCKLGCASSLCTNFSTKEFPSEEKVDSCVDSCSQSCTKS,Predicted,unreviewed,1.0,True,Thionins
A0A0D3ARW9,A0A0D3ARW9_BRAOL,Plant thionin family protein,,Brassica oleracea var. oleracea,76,MGKIMSMVWIMMILAVMVIEGETKSEIECSKICRDHCQRSSPASECAACRTKCYKSPPVTTRVRNSRMVPEVHIQQ,Predicted,unreviewed,1.0,True,Thionins
A0A2U1KWR1,A0A2U1KWR1_ARTAN,Gamma thionin,CTI12_AA466600,Artemisia annua (Sweet wormwood),72,MGKALFAFLLVLVVFASVETGVKVTEAKMCQTTGHTGSCALDRTCHSSCEKQGFASGKCDGLRRRCTCYKEC,Predicted,unreviewed,1.0,True,Thionins
A0A7J6VX85,A0A7J6VX85_THATH,Plant thionin,FRX31_021608,Thalictrum thalictroides (Rue-anemone) (Anemone thalictroides),72,YCPSTHPRSNKLESSGAMINEYCKLGCASSVCDTLSTNQNSGEGEVNEAVEHCVNACSELCNKGAKTALASA,Predicted,unreviewed,1.0,True,Thionins
M4F281,M4F281_BRACM,Plant thionin family protein,,Brassica campestris (Field mustard),76,MGKVMSMVWIMMILAVLVIGGEAKSEIECSKICRPHCQRSSPASECAACSTECYKLPQVAMRGRNRRMVSEDPKQQ,Predicted,unreviewed,1.0,True,Thionins
A0A0D3B8J6,A0A0D3B8J6_BRAOL,Plant thionin family protein,,Brassica oleracea var. oleracea,79,MEKKCMSMFLVMIVMTLTMMPLTAVGEPYDACVRRCISSCEIFYREVDKCIHDCIGIKCHKSNVLPRMAAKGKFQEIHT,Predicted,unreviewed,1.0,True,Thionins
A0A2U1L5W9,A0A2U1L5W9_ARTAN,Gamma-thionin,CTI12_AA510750,Artemisia annua (Sweet wormwood),84,MAINTKIHTFLFVFLFVLLLVVNPDMVASTKVTNKLCERRSTTWSGFCGISKNCDRQCRNWEKAAHGACHRQGLGMACFCYVNC,Predicted,unreviewed,1.0,True,Thionins
A0A2U1LQK0,A0A2U1LQK0_ARTAN,Gamma thionin,CTI12_AA464910,Artemisia annua (Sweet wormwood),85,MGKALFAFLLVLVVFASASNLSDVVIFRTSVETGVKVTEAKMCQTTGHTGSCALDRTCHSSCEKQGFASGKCDGLRRRCTCYKEC,Predicted,unreviewed,1.0,True,Thionins
A0A2U1NH22,A0A2U1NH22_ARTAN,Gamma-thionin,CTI12_AA266410,Artemisia annua (Sweet wormwood),84,MAINTKLCTFLFVFLLVLLLVVNPDMVASKKVKNKLCERRSKTWSGFCGISKNCDRQCRNWEKAAHGACHRQGLGMACFCYVKC,Predicted,unreviewed,1.0,True,Thionins
B6SJ49,B6SJ49_MAIZE,Flower-specific gamma-thionin,,Zea mays (Maize),79,MELSRKLFTAVLLVMLLLLSAEVGPVAVAEARTCQSQSHRFRGPCLRRSNCANVCRTEGFPGGRCRGFRRRCFCTTHCH,Evidence at protein level,unreviewed,1.0,False,Thionins
B6SJS8,B6SJS8_MAIZE,Flower-specific gamma-thionin,,Zea mays (Maize),78,MGGLSTKLFVVLLLLVCYTGTQGGPVTMVSARKCESQSFRFKGPCSRDANCANVCLTEGFTGGVCKGLRHRCFCTRDC,Evidence at protein level,unreviewed,1.0,False,Thionins
A0A0D3CC78,A0A0D3CC78_BRAOL,Plant thionin family protein,,Brassica oleracea var. oleracea,93,MKTTFIVFMIIAMVFLAQTSHSTNIEMCVKHCIPNQCMKVAKKPDLALCEEVCKKFCAKQLGDHEEYIVPPRKDGGGFFTGIICDYMAPDGCH,Predicted,unreviewed,1.0,True,Thionins
A0A2U1LMJ8,A0A2U1LMJ8_ARTAN,Gamma-thionin,CTI12_AA475110,Artemisia annua (Sweet wormwood),93,MTQYIIDTLSYVLVFGMLQELRSCVYAKKYVLVYMVKGTKEPNKVCSRRSETWSGICGDSKHCDEQCRNWEGAAHGACHRQGVGRACFCYFNC,Predicted,unreviewed,1.0,True,Thionins
A0A0D3AQ65,A0A0D3AQ65_BRAOL,Plant thionin family protein,,Brassica oleracea var. oleracea,76,MGKVMSMVWIMMILAVIVIEGEAKSEIECSKICRDHCKRSSPASECAACRTECYKSPPVAMRGRNRRIVPEVHIQQ,Predicted,unreviewed,1.0,True,Thionins
A0A0D3B5F2,A0A0D3B5F2_BRAOL,Plant thionin family protein,,Brassica oleracea var. oleracea,78,MEKKCICMLMIMFIALTMMPLPAMSESYEACYDRCISSCQIFFEGVEKCIHDCVGIKCHKTHVLPRMAAKGMFQEIHT,Predicted,unreviewed,1.0,True,Thionins
A0A0D3CF27,A0A0D3CF27_BRAOL,Plant thionin family protein,,Brassica oleracea var. oleracea,73,MAAKYNSVIVVFLVVMMIMAMEKVDGETSAECRERCSQSCAMTEALPAKCLQSCYRRCQGLPSHTIGIEEMKS,Predicted,unreviewed,1.0,True,Thionins
A8MS25,A8MS25_ARATH,Plant thionin family protein,At1g34840 At1g34850,Arabidopsis thaliana (Mouse-ear cress),87,MGIQTCSVLIIVIIFAHIAQSNSITMCVKHCAQNECLKAAKKTTPEICDEACKKICNNQLFSDEKWFVPSPKGSSRICRWAPKYCQF,Predicted,unreviewed,1.0,True,Thionins
A0A200PNC7,A0A200PNC7_MACCD,Thionin-like protein,BVC80_9063g82,Macleaya cordata (Five-seeded plume-poppy) (Bocconia cordata),97,MESKRSVKPIAMMLIVTVLVLGMFVEQTTSISFRICYEQCMRTCSSSKTIRECSEECVGECHDAAATANDLHYYCRVGANEVEGCVNSCSNKCTKLY,Predicted,unreviewed,1.0,True,Thionins
A0A200PNE8,A0A200PNE8_MACCD,Thionin-like protein,BVC80_9063g106,Macleaya cordata (Five-seeded plume-poppy) (Bocconia cordata),100,MEGSKKSVRPIAVMLIITVLVMGMFVEKNEAAFAGCFAKCLALCVIHPYKKIGGCPLKCYKRCHHPPASDNDLNNYYCKLGENEVEGCVNSCSGECELKH,Predicted,unreviewed,1.0,True,Thionins
A0A200PTM6,A0A200PTM6_MACCD,Thionin-like protein,BVC80_9073g28,Macleaya cordata (Five-seeded plume-poppy) (Bocconia cordata),98,MEGKSVKPIGVMLMITVLVLGMFVGQTTASAGCYAKCYLSCVLKRGPITCAIDCAEQCKKSPTTSDIDLHQYYCNIGADEVEACVNSCSDKCTKGKKY,Predicted,unreviewed,1.0,True,Thionins
A0A444WZC7,A0A444WZC7_ARAHY,Thionin-like protein,Ahy_B10g101323,Arachis hypogaea (Peanut),72,MKMKMKMKMGAVVMLLFIICSQMESVQSDAFDCLDACQTGCVTPGDLRLQQRCERKCQIKCGPDSTVEEDRG,Predicted,unreviewed,1.0,True,Thionins
A0A445JGK3,A0A445JGK3_GLYSO,Thionin-like protein,D0Y65_020922,Glycine soja (Wild soybean),66,MKKMVAAMMLFLLISTQMKSVEPDAADCLDGCSTACVQSDSRLQARCERKCSIRCGPDSTIKEDMS,Predicted,unreviewed,1.0,True,Thionins
A0A4D6KJH6,A0A4D6KJH6_VIGUN,Thionin-like protein,DEO72_LG1g122,Vigna unguiculata (Cowpea),66,MKKMMAAMMLFLLIASQMESVVPDAADCLDGCTTGCVQRDSRLQQRCERKCSIRCGPDSTINEEMG,Predicted,unreviewed,1.0,True,Thionins
A0A5D2LFM7,A0A5D2LFM7_GOSTO,Thionin-like protein,ES332_D04G209100v1,Gossypium tomentosum (Hawaiian cotton) (Gossypium sandvicense),66,MKKMMIIAVLIFCVLSSQMENVAPQVDCYDACSTGCVQSNTRLMQRCDRKCQISCSPDSKVEGNLG,Predicted,unreviewed,1.0,True,Thionins
A0A5N6QCI3,A0A5N6QCI3_9ROSI,Thionin-like protein,FH972_001673,Carpinus fangiana,73,MAATKIKTIAILFISVLVVMQCAKVSEGQSACADGCKPVCLKEEGSTAAGCDKACDDYCKQVSGESGGAGVHS,Predicted,unreviewed,1.0,True,Thionins
A0A6A4R4Y8,A0A6A4R4Y8_LUPAL,Thionin-like protein,Lalb_Chr01g0010471,Lupinus albus (White lupine) (Lupinus termis),65,MASKKTLAAFLICLVIAMAFVEKAETLSDCAKECMPVCLKEKGATIDACSPACEEYCSQYASKNK,Predicted,unreviewed,1.0,True,Thionins
A0A8T1QEW1,A0A8T1QEW1_CARIL,Thionin-like protein,CIPAW_05G041100,Carya illinoinensis (Pecan),69,MMMKKIVVAMLVLCVFISHMDVVEPSAFDCYDACSTGCVQSNTRLMARCDRKCQIKCSPDSSTEAANLG,Predicted,unreviewed,1.0,True,Thionins
A0A8T2CPA3,A0A8T2CPA3_ARASU,Thionin-like protein,ISN44_As06g012380,Arabidopsis suecica (Swedish thale-cress) (Cardaminopsis suecica),86,MESKRMVMFVTVMIVMVMGNLLIQTEADAPPQAQPSGFLTCYPGCVVSCFVEKKFPQFLLCPFTCIGTCLPSSSQMVSTNKINNTP,Predicted,unreviewed,1.0,True,Thionins
A0A8T2DDR4,A0A8T2DDR4_ARASU,Thionin-like protein,ISN44_As05g024760,Arabidopsis suecica (Swedish thale-cress) (Cardaminopsis suecica),89,MAANMWKTIMMIALIMIGCGLQACNGMNVDKSKPTMFNRFTCFRRCSITCSVDQSLDKTPCYKKCLNKCGLVLDSKPKPTSSSSSSSSS,Predicted,unreviewed,1.0,True,Thionins
A0A8T2GQT4,A0A8T2GQT4_9BRAS,Thionin-like protein,ISN45_At01g048510,Arabidopsis thaliana x Arabidopsis arenosa,94,MVSIMKIMMIMVLLVVGVSAKTVEECKRTTCATKCRDSKSFACSDCIIHCAFPGSESKISQPRALCLRNCDVGCRPSNTCYQRCIKHCPPQSLI,Predicted,unreviewed,1.0,True,Thionins
A0A9Q1L6S5,A0A9Q1L6S5_ANIAC,Thionin-like protein,K7X08_036684,Anisodus acutangulus,72,MEKKKMMRVIAMAMVLIILLSANTDTVDAQGVNCYDSCETACVGLPDRLYRRCAGKCQIRCGPDGKIDGNMG,Predicted,unreviewed,1.0,True,Thionins
A0A9W7ID95,A0A9W7ID95_HIBTR,Thionin-like protein,HRI_003089300,Hibiscus trionum (Flower of an hour),94,MASKKLMAVSLMVLMMKALLVGQVQGVDELNIGVKEGIGSCVKICAPRCFSLFKPIKIALCMASCMIKCKVQPTPIVFDCTTACANSVINAYNL,Predicted,unreviewed,1.0,True,Thionins
A0AA39VUC5,A0AA39VUC5_ACESA,Thionin-like protein,LWI29_034001,Acer saccharum (Sugar maple),69,MKIVAVMMIVLVVMSSQMDTVHSDAFDCLDACQTGCVQPDTRLMQRCDRKCQIKCGSAAASQVQEEHLV,Predicted,unreviewed,1.0,True,Thionins
A0AAE1JIB3,A0AAE1JIB3_9FABA,Thionin-like protein,QN277_019847,Acacia crassicarpa (northern wattle),67,MKKMIVAVMILIVICSNHIDTAESSAADCLDACQTACVQKDTRVMQRCERKCQIKCGPDSASQENLG,Predicted,unreviewed,1.0,True,Thionins
A0AAF0UR85,A0AAF0UR85_SOLVR,Thionin-like protein,MTR67_043154,Solanum verrucosum,88,MLLLFLAMFVLTKHNAMAQNIDPKCAAFCVLRCQKRPICLSLCLVKCAITTITYESVDTEAANRVCNVGCSLGHCFKFLINYGTFSSY,Predicted,unreviewed,1.0,True,Thionins
A0ABC8J3U6,A0ABC8J3U6_ERUVS,Thionin-like protein,ERUC_LOCUS3341,Eruca vesicaria subsp. sativa (Garden rocket) (Eruca sativa),52,MILAKDIDHIDYFCKLGCATHHCVSLTSLRNPNADKVADCVDSCSEKCSNKN,Predicted,unreviewed,1.0,True,Thionins
A0ABQ7BTS5,A0ABQ7BTS5_BRACR,Thionin-like protein,DY000_02008629,Brassica cretica (Mustard),66,MMKKQVTIVAALLILVALSSNLDMVAEAQLGPGDCYDGCSTACVQRDSRKTSRCDRKCSIRCGPVN,Predicted,unreviewed,1.0,True,Thionins
A0ABR2ERA1,A0ABR2ERA1_9ROSI,Thionin-like protein,V6N12_036506,Hibiscus sabdariffa (roselle),70,MEMEMKKMMTVAVLIFCIISSQMESVEPQVDCFDACSTACPLTNTRERQRCEGKCRIRCGPDSMAEGNLG,Predicted,unreviewed,1.0,True,Thionins
V4L376,V4L376_EUTSA,Thionin-like protein,EUTSA_v10009240mg,Eutrema salsugineum (Saltwater cress) (Sisymbrium salsugineum),76,MMMKKQQVTIVAALLILVALSSNLDMVAEAQLGPGDCYDGCSTACVQRDSRKTARCDRKCSIRCGPDAKRERETGA,Predicted,unreviewed,1.0,True,Thionins
A0A7J6VRQ6,A0A7J6VRQ6_THATH,Thionin-2.2,FRX31_022862,Thalictrum thalictroides (Rue-anemone) (Anemone thalictroides),95,MTAKATTRQRRLIPHSDKGITTCPPDYPKTSLESSADTINHYCKLGCASSMCNTINTLQNSDASEEVANEALELCNNACSDFCTKGSNIALVTAA,Predicted,unreviewed,1.0,True,Thionins
A0A8T2CJJ3,A0A8T2CJJ3_ARASU,Thionin-like protein,ISN44_As06g026150,Arabidopsis suecica (Swedish thale-cress) (Cardaminopsis suecica),74,MMKKQVTIVAALMILMALSSNLDMVAEAQLGPGDCYDGCSTACVQRDSRKTSRCDRKCSIRCGPDAARARGTGV,Predicted,unreviewed,1.0,True,Thionins
A0A8T2H1S9,A0A8T2H1S9_ARASU,Thionin-like protein,ISN44_As01g012790,Arabidopsis suecica (Swedish thale-cress) (Cardaminopsis suecica),89,MEGKSLVAVLVTMMVMGNLLPQTEAQKIPFMQCYPACIVVCKSESTFPKFLKCPFTCLRTCLHPPSPPPSPSPSPSPSPSENIIDQTDH,Predicted,unreviewed,1.0,True,Thionins
A0AAD4SSX3,A0AAD4SSX3_9MAGN,Thionin-like protein,MKW98_000200,Papaver atlanticum,92,MAAAKTSLVFFIFALIAISANLQMASAVGVQCATELSLNLNILNGCTSDAQCVTYCNDACLAKLQVNASASACVAGLLQLLVKSCSCCCASI,Predicted,unreviewed,1.0,True,Thionins
A0AAN9L8Z8,A0AAN9L8Z8_PHACN,Thionin-like protein,VNO80_28402,Phaseolus coccineus (Scarlet runner bean) (Phaseolus multiflorus),66,MKKMMAAMMFLLLIASQMESVVPDAADCLDGCTTACVQRDSRLQARCERKCSIRCGPDSTVKEEMG,Predicted,unreviewed,1.0,True,Thionins
A0ABD3JZ98,A0ABD3JZ98_EUCGL,Thionin-like protein,ACJRO7_026740,Eucalyptus globulus (Tasmanian blue gum),76,MMAMKMKTKEMLLAVLILTAVFSRMDVVVEAGPEDCDDACSTACVQYEPNSRLVSRCNRKCGIRCGPDVAAEGNVG,Predicted,unreviewed,1.0,True,Thionins
A0ABM1QXP5,A0ABM1QXP5_CAMSA,Thionin-like protein 2,LOC104743269,Camelina sativa (False flax) (Myagrum sativum),52,MISTNEIGYTDYYCKLGCAAHHCVSLSSIQNPNVDKVADCVDSCSDKCSTKN,Predicted,unreviewed,1.0,True,Thionins
A0ABQ8ALZ3,A0ABQ8ALZ3_BRANA,Thionin-like protein,HID58_055961,Brassica napus (Rape),74,MMKKQVTIVAALLILVALSSNLDMVAEAQLGPGDCYDGCSTACVQRDSRKTSRCDRKCSIRCGPDAKKAGETGA,Predicted,unreviewed,1.0,True,Thionins
Q84QH9,Q84QH9_WHEAT,Sulfur-rich/thionin-like protein,,Triticum aestivum (Wheat),95,MASGAQKKMVAVGMMLAILFIAAAHAEPAPAETCIDKTEKVGLVTDCICSKNCACAGKCILEGGEGGEIQKCFVECVLKNDCNCNAKHHSAAAPQ,Evidence at transcript level,unreviewed,1.0,False,Thionins
R0GMS0,R0GMS0_9BRAS,Thionin-like protein,CARUB_v10010807mg,Capsella rubella,74,MMKKQVTIVVALMIMMALSSNLDMVAEAQLGPGDCYDGCSTACVQRDPRKTSRCDQKCSIRCGPVWNQEGGNWN,Predicted,unreviewed,1.0,True,Thionins
A0A067LK01,A0A067LK01_JATCU,Thionin-like protein,JCGZ_22048,Jatropha curcas (Barbados nut),72,MEKKVAAVLMIVCLIFGGLESVEPSAADCLDACTTACVNPNERLRQRCEIKCRIKCDSGNFSLCNFFPLRFV,Predicted,unreviewed,1.0,True,Thionins
A0A072U163,A0A072U163_MEDTR,Thionin-like protein,MTR_7g081075,Medicago truncatula (Barrel medic) (Medicago tribuloides),78,MAVTEMKKGITVIMMMLMVIFVVNQVSDATQSIDACKYDCGLCEQNCVDACFSGGCIVECKERNCPCCLRSSLHAQND,Predicted,unreviewed,1.0,True,Thionins
A0A2P5DS31,A0A2P5DS31_PARAD,Thionin-like protein,PanWU01x14_037950,Parasponia andersonii (Sponia andersonii),72,MIKKTIVAAMILFLVFSYRERVAAHAADCYDACSTACVQSNTRLMQRCDRKCQIKCGPDSTVKEHVDEAING,Predicted,unreviewed,1.0,True,Thionins
A0A392NHV6,A0A392NHV6_9FABA,Thionin-like protein,A2U01_0020422,Trifolium medium,69,MMASKKAIAALLICLVITMASFKKAETLSDCAKECMPVCLQENGATIDVCGPACEKYCDQMTSTMGAVV,Predicted,unreviewed,1.0,True,Thionins
A0A5J5RYE1,A0A5J5RYE1_GOSBA,Thionin-like protein,ES319_D04G197000v1,Gossypium barbadense (Sea Island cotton) (Hibiscus barbadensis),66,MKKMMIIAVLIFCVLSSQMENVAPQVDCYDACSTGCVQSNTRLMQRCDRKCQIRCSPDSKVEGNLG,Predicted,unreviewed,1.0,True,Thionins
A0A5J5W658,A0A5J5W658_GOSBA,Thionin-like protein,ES319_A04G154300v1,Gossypium barbadense (Sea Island cotton) (Hibiscus barbadensis),66,MKKMMIITVLIFCVLSSQMENVTPQVDCYDACSTGCVQSNTRLMRRCDRKCQIRCSPDSKVEGNLG,Predicted,unreviewed,1.0,True,Thionins
A0A6D2J809,A0A6D2J809_9BRAS,Thionin-like protein,MERR_LOCUS20646,Microthlaspi erraticum,74,MMKKQVTIVAALLILMALSSNLDMVAEAQLGPGDCYDGCSTACVQRDSRKTSRCDRKCSIRCGPDAKKERETGA,Predicted,unreviewed,1.0,True,Thionins
A0A8T2H7X0,A0A8T2H7X0_ARASU,Thionin-like protein,ISN44_As01g025220,Arabidopsis suecica (Swedish thale-cress) (Cardaminopsis suecica),74,MMKKQVTIVAALLIMMALCSNLNMVAEAQLGPGDCYDGCSTACVQRDPRKTSRCDRKCSIRCGPDAARASGSGV,Predicted,unreviewed,1.0,True,Thionins
A0A8X7VY45,A0A8X7VY45_BRACI,Thionin-like protein,Bca52824_012036,Brassica carinata (Ethiopian mustard) (Abyssinian cabbage),74,MMKKQVTIVAALLILMALSSNLDMVAEAQLGPGDCYDGCSTACVQRDSRKTARCDRKCSIRCGPDAKKARETGA,Predicted,unreviewed,1.0,True,Thionins
A0AAD5F7K9,A0AAD5F7K9_PRUDU,Thionin-like protein,L3X38_009044,Prunus dulcis (Almond) (Amygdalus dulcis),72,MSTVKKMAVALLVLCAVFSCMEKVVDSADAGVDCYDACNTGCVQSNTRLYQRCDRKCRIRCGPDSEVEGNLQ,Predicted,unreviewed,1.0,True,Thionins
A0AAN7EVV8,A0AAN7EVV8_QUERU,Thionin-like protein,RGQ29_024572,Quercus rubra (Northern red oak) (Quercus borealis),68,MKMKKIIVVVMVLCVILSHMDSAEAQSPDCYDQCSTACVQSDTRLMQRCDRKCQITCGPDSDIDVNPS,Predicted,unreviewed,1.0,True,Thionins
A0AAP0Q1C5,A0AAP0Q1C5_9MAGN,Thionin-like protein,Syun_003121,Stephania yunnanensis,76,MKKSVAVLLLVAVLYLVSSETLLVVVAGPEDCMDACSTACVQYLRDSRRMARCERKCSIRCGPDAAAANKVGTIGG,Predicted,unreviewed,1.0,True,Thionins
A0AAP0QVW8,A0AAP0QVW8_9ROSI,Thionin-like protein,WN944_022141,Citrus x changshan-huyou,97,MEKNTVQFVLMVALMLGLLIGESTASCNDECSKKCKVYHPRQDLKECVGDCLKTCNPPNDAVYFCKLGCASSLCANGSTPEKVQSCVDSCSKMCTKI,Predicted,unreviewed,1.0,True,Thionins
A0AAP0R111,A0AAP0R111_9ROSI,Thionin-like protein,WN944_022142,Citrus x changshan-huyou,97,MEKNTVQFVLMASLILGLLAGQSTASCQDDCHKKCKFFHPGQDLKECIVDCLKTCNSPNGAVHFCKLGCASSLCANLSTQEKVQSCADSCSKMCTKI,Predicted,unreviewed,1.0,True,Thionins
A0AAV2C9I2,A0AAV2C9I2_9ROSI,Thionin-like protein,LTRI10_LOCUS631,Linum trigynum,83,MEKEQKLAVVMMLMGLVLVCSNLDKSSSSGFAVVEAAPDFQCYDGCITGCVQPNTRLMRRCEVKCDIRCNQAEGAAASNGQLG,Predicted,unreviewed,1.0,True,Thionins
A0AAV5KHX0,A0AAV5KHX0_9ROSI,Thionin-like protein,SLEP1_g33845,Rubroshorea leprosula,65,MKIIATVLIFCVVISSHFASVEPQIDCYDACSTACVQPNTRLMQRCDRKCQIKCGPDSKVDGHLG,Predicted,unreviewed,1.0,True,Thionins
M5XM82,M5XM82_PRUPE,Thionin-like protein,PRUPE_1G561600,Prunus persica (Peach) (Amygdalus persica),72,MSTVKKMAVALLVLCAVFSCMEKVVDSADAGVDCYDACNTGCVQSNTRLYQRCDRKCQIKCGPDSEVEGNLQ,Predicted,unreviewed,1.0,True,Thionins
V7AGA3,V7AGA3_PHAVU,Thionin-like protein,PHAVU_011G083300g,Phaseolus vulgaris (Kidney bean) (French bean),84,MLGFVQILKIEAEIPCPILCAIGCFSSNVYPQCFATCITKCPDISSSAYNCVRSCGTNKSITVNIDARGNVTNVVDSCLQKCPH,Predicted,unreviewed,1.0,True,Thionins
W9RMA8,W9RMA8_9ROSA,Thionin-like protein,L484_024163,Morus notabilis,71,MKKTGIAVFVLLLALSYSEMATAGPEDCIDACYTGCVQGNTRLMQRCEGKCRIRCGPDSEVKQHVNEVKKG,Predicted,unreviewed,1.0,True,Thionins
A0A072U2Q4,A0A072U2Q4_MEDTR,Thionin-like protein,MTR_7g081105,Medicago truncatula (Barrel medic) (Medicago tribuloides),78,MAVTEMKKGITIIMMMLMIIFVVNQVSDATQSIDACKYDCRLCEQNCVDACFSGGCIVECKKRNCPCCLRSSLHAQND,Predicted,unreviewed,1.0,True,Thionins
A0A445AGZ4,A0A445AGZ4_ARAHY,Thionin-like protein,Ahy_B02g059585,Arachis hypogaea (Peanut),65,MLVLKKYVVAMLICMVLAIVCFNYAETLSDCAKQCMPVCLQERGATIEVCGPACEKYCDQISGGN,Predicted,unreviewed,1.0,True,Thionins
A0A445GPK2,A0A445GPK2_GLYSO,Thionin-like protein,D0Y65_040002,Glycine soja (Wild soybean),67,MKKMVVAMMLILLLISTQMESVEPDAADCLDGCTTACVQSDSRLQARCDRKCSIRCGPDSTIKEDMG,Predicted,unreviewed,1.0,True,Thionins
A0A7J7MQW6,A0A7J7MQW6_9MAGN,Thionin-like protein,GIB67_029892,Kingdonia uniflora,71,MKKITVLAVLALFLVSFQLKNVESDAFDCLDACQTGCVASYINDPRQMSRCDSKCTIKCDRGVVVTKVIGG,Predicted,unreviewed,1.0,True,Thionins
A0A7J8N6R3,A0A7J8N6R3_9ROSI,Thionin-like protein,Golob_002975,Gossypium lobatum,70,MKKMMIIAVLIFCVLSSQMENVAPQVDCYDACSTGCVQSNTRLMQRCDRKCQIRCGPGTVYLGLKYAISP,Predicted,unreviewed,1.0,True,Thionins
A0A8S1ZHD9,A0A8S1ZHD9_ARAAE,Thionin-like protein,AARE701A_LOCUS2167,Arabidopsis arenosa (Sand rock-cress) (Cardaminopsis arenosa),74,MMKKQVTIVAALLILMALSSNLDMVAEAQLGPGDCYDGCSTACVQRDSRKTSRCDRKCSIRCGPDAARARGTGV,Predicted,unreviewed,1.0,True,Thionins
A0A8X7QZ17,A0A8X7QZ17_BRACI,Thionin-like protein,Bca52824_061027,Brassica carinata (Ethiopian mustard) (Abyssinian cabbage),78,MAGKVCMVMALIMIGCVLQACNGANVDESKPARVSRLVCFTSCSIACGKQNKPCYDKCLTKCGLPQRPSTPTSPSTTA,Predicted,unreviewed,1.0,True,Thionins
A0AAE1WLG1,A0AAE1WLG1_9LAMI,Thionin-like protein,Sango_1680600,Sesamum angolense,79,MIEPSQTLCSCTTHCLKDCIFQEVQNDLHEDSDNLAFCKLGCAFSMCSGFSSKRTPNGEKVDGCVGSCSNKCIKSYASP,Predicted,unreviewed,1.0,True,Thionins
A0AAF0URE7,A0AAF0URE7_SOLVR,Thionin-like protein,MTR67_043259,Solanum verrucosum,88,MLLLFLAMFMLTKHNAMAQNIDPKCAAFCVLRCQKRPICPSLCLVKCAITTITYESVDTEAANRVCNVGCSLGHIFKFLINYGTFSSY,Predicted,unreviewed,1.0,True,Thionins
A0AAN9XWT2,A0AAN9XWT2_PSOTE,Thionin-like protein,VNO78_03544,Psophocarpus tetragonolobus (Winged bean) (Dolichos tetragonolobus),74,MKMKMKMKMKMVGVIMVLLVVISAQMERVRADAADCIDGCTTACVQTDSRLQARCERKCSIRCGPDSTVKEEMG,Predicted,unreviewed,1.0,True,Thionins
A0AAP0RJS4,A0AAP0RJS4_LIQFO,Thionin-like protein,L1049_028027,Liquidambar formosana (Formosan gum),67,MMKKIAVIVLVLCVLSSHMECVEPSVFDCMDACSTGCVQSNTRLMQRCEGKCRIKCDPGRKLASTHV,Predicted,unreviewed,1.0,True,Thionins
A0AAU9R9Q0,A0AAU9R9Q0_THLAR,Thionin-like protein,TAV2_LOCUS439,Thlaspi arvense (Field penny-cress),74,MMKKQVTIVAALLILVALSSNLDMVAEAQLGPGDCYDGCSTACVQRDSRKMSRCDRKCSIRCGPDAKKARETGA,Predicted,unreviewed,1.0,True,Thionins
A0ABD0ZUG7,A0ABD0ZUG7_CARAN,Thionin-like protein,V5N11_026926,Cardamine amara subsp. amara,76,MMKRQVTIVTALLILVALSSSLNMLAEAQQLGPEDCWDACATGCVQRNAKKTSQCEHKCSVRCGRPGAERARETGA,Predicted,unreviewed,1.0,True,Thionins
A2Q2W6,A2Q2W6_MEDTR,Thionin-like protein,MTR_2g034125,Medicago truncatula (Barrel medic) (Medicago tribuloides),84,MASKSLGVAVILVLLPYMSLVVVAIEGMNLDANGDDNDVLYDCKQQCMSICLKIKLAQVSLCQEACSPACKQLKGKGLCTYNLK,Predicted,unreviewed,1.0,True,Thionins
V4KSD3,V4KSD3_EUTSA,Thionin-like protein,EUTSA_v10009240mg,Eutrema salsugineum (Saltwater cress) (Sisymbrium salsugineum),79,MMMKKQQVTIVAALLILVALSSNLDMVAEAQLGPGDCYDGCSTACVQRDSRKTARCDRKCSIRCGPGKLMKPDPYRTGL,Predicted,unreviewed,1.0,True,Thionins
A0A0D2S3W8,A0A0D2S3W8_GOSRA,Thionin-like protein,B456_012G160300,Gossypium raimondii (Peruvian cotton) (Gossypium klotzschianum subsp. raimondii),66,MKKMMIIAVLIFCVLSSQMKNVAPQVDCYDACSTGCVQSNTRLMQRCDRKCQIRCSPDSKVEGNLG,Predicted,unreviewed,1.0,True,Thionins
A0A1R3JB90,A0A1R3JB90_9ROSI,Thionin-like protein,COLO4_17908,Corchorus olitorius,70,MAMMKQMMVAVLIFCIFTSQMENAESQVDCYDACSTGCVQSNTRLMQRCDGKCQIRCGPDSISKQEGNLS,Predicted,unreviewed,1.0,True,Thionins
A0A2G5CTF6,A0A2G5CTF6_AQUCA,Thionin-like protein,AQUCO_03700093v1,Aquilegia coerulea (Rocky mountain columbine),66,MKKIAVIMVLLFLLSSHIETVKPDASDCLDACQTGCVAQYIRNPRKRQQCDAACVIKCRPSVLGGD,Predicted,unreviewed,1.0,True,Thionins
A0A2G9GDY7,A0A2G9GDY7_9LAMI,Thionin-like protein,CDL12_23978,Handroanthus impetiginosus,68,MEKKMVVMMSMILLIISANMDGVKADAFDCYDACSTACVNPDTRLMARCDRKCQIKCGPDLEANGHLK,Predicted,unreviewed,1.0,True,Thionins
A0A2P6SJC6,A0A2P6SJC6_ROSCH,Thionin-like protein,RchiOBHm_Chr1g0362981,Rosa chinensis (China rose),76,MMANKTVVNIPVKLLIMIWVVVVIGCSNNMLVTEAVSDCAEPCMPVCLKEEGATLHVCEIACENYCQQISGSGGIA,Predicted,unreviewed,1.0,True,Thionins
A0A445BAA4,A0A445BAA4_ARAHY,Thionin-like protein,Ahy_A10g050748,Arachis hypogaea (Peanut),71,MMKLKMKMGAVVMLLFIICSQMESVQSDAFDCLDACQTACVSPGDLRLQQRCERKCQIKCGPDSTVEEDRG,Predicted,unreviewed,1.0,True,Thionins
A0A445JGF2,A0A445JGF2_GLYSO,Thionin-like protein,D0Y65_020922,Glycine soja (Wild soybean),59,MKKMVAAMMLFLLISTQMKSVEPDAADCLDGCSTACVQSDSRLQARCERKCSIRCGPGA,Predicted,unreviewed,1.0,True,Thionins
A0A5D2R2E5,A0A5D2R2E5_GOSTO,Thionin-like protein,ES332_A04G169300v1,Gossypium tomentosum (Hawaiian cotton) (Gossypium sandvicense),66,MKKMMIIAVLIFCVLSSQMENVTPQVDCYDACSTGCVQSNTRLMQRCDRKCQIRCSPDSKLEGNLG,Predicted,unreviewed,1.0,True,Thionins
A0A5N5K470,A0A5N5K470_9ROSI,Thionin-like protein,DKX38_023043,Salix brachista,90,MTTMKKILVAVFIVSMIASHFENVASDASDCLDACTTGCVQRNTRLMQRCEIKCGIRCGPNSEVEDHTVLIVFVLDVRKEGRIRAIKSQI,Predicted,unreviewed,1.0,True,Thionins
A0A7J7P0H2,A0A7J7P0H2_9MAGN,Thionin-like protein,GIB67_000790,Kingdonia uniflora,71,MKKITCALMLVLLLVSFQMNTVESAASDCLDACQTGCAVSYIRDPKRMSRCDRKCTIKCKPGLVVTKVIVG,Predicted,unreviewed,1.0,True,Thionins
A0A8J5WL23,A0A8J5WL23_ZIZPA,Thionin-like peptide,GUJ93_ZPchr0011g26872,Zizania palustris (Northern wild rice),85,MTTLMVIMCLVVLSLNVNSATAAQCGCCISAQAIGCCQLCIYAGGSDAVCKNTCCFPCFLSDSVAAKMNEMGVLAKMDEDKPKKI,Predicted,unreviewed,1.0,True,Thionins
A0A8T2BS99,A0A8T2BS99_ARASU,Thionin-like protein,ISN44_As07g008330,Arabidopsis suecica (Swedish thale-cress) (Cardaminopsis suecica),94,MVSIMKIMMIMVLLVIGVSAKTVEECKRTTCKTKCQDSKSFACSDCLLHCAFPGSESKISQARALCLRDCDVDCQPSNDCYQRCIKHCPPKPLI,Predicted,unreviewed,1.0,True,Thionins
A0AAD4SDZ4,A0AAD4SDZ4_9MAGN,Thionin-like protein,MKW98_031797,Papaver atlanticum,92,MAATKTSLVFFIFALIAISANLQMASAVGVQCGTDLSLNLNILNGCVSDAQCIDFCNTECLAKLNVKASVSACVAGLLQLVAKSCSCCCASV,Predicted,unreviewed,1.0,True,Thionins
A0AAN9L3S8,A0AAN9L3S8_CANGL,Thionin-like protein,VNO77_22328,Canavalia gladiata (Sword bean) (Dolichos gladiatus),78,MWRLVKLKREKKMKNVVAAMMLLLLISSQMVCVQPAADDCIDACSTGCVQRDSRLTARCDRKCIIKCGPDSAVKEKIG,Predicted,unreviewed,1.0,True,Thionins
A0AAN9LTJ9,A0AAN9LTJ9_PHACN,Thionin-like protein,VNO80_24820,Phaseolus coccineus (Scarlet runner bean) (Phaseolus multiflorus),98,MKSSRVAVLMMIMLGFVQILETEAISFPCLVLCAIECIPKRPYGSCFITCISKCPSSTSASNCARSCGVNKTITIDIDALGNITNMTDSCLDKCLTLQ,Predicted,unreviewed,1.0,True,Thionins
A0AAN9LTM6,A0AAN9LTM6_PHACN,Thionin-like protein,VNO80_24822,Phaseolus coccineus (Scarlet runner bean) (Phaseolus multiflorus),86,MIMLGFVQILKIEAEIPCPILCAIGCFSSHVYPQCFATCISKCPDISSSAYNCVRSCGTNKSITVKIDARGNVTNVVDSCLQKCHY,Predicted,unreviewed,1.0,True,Thionins
A0AAN9LXE0,A0AAN9LXE0_PHACN,Thionin-like protein,VNO80_24819,Phaseolus coccineus (Scarlet runner bean) (Phaseolus multiflorus),96,MKSNRVAILMMIMLGFVQILEIEAKLPCPILCSLSCLVSEKPYALCFIECLVTCEIPLGASNCARSCGVNKSITIDIDARGNVTNVVDSCLQKCLK,Predicted,unreviewed,1.0,True,Thionins
A0AAV0GUC8,A0AAV0GUC8_9ROSI,Thionin-like protein,LITE_LOCUS704,Linum tenue,83,MGKEQKLAVVMMLMGLVLVCSNLDKSSSSGFAVVEAAPDFQCYDGCITGCVQPNTRLMRRCEVKCDIRCNQAAGAAASNGQLG,Predicted,unreviewed,1.0,True,Thionins
A0AAV8SSI5,A0AAV8SSI5_ERYNO,Thionin-like protein,K2173_015481,Erythroxylum novogranatense (Peruvian coca) (Erythroxylum coca var. novogranatense),69,MKKLVGALFLLSILIFSHFDSAVADASDCYDGCTTACVQPNWRLQRRCEIKCGIRCGRAGFGIEDGIGT,Predicted,unreviewed,1.0,True,Thionins
A0ABC8JTL9,A0ABC8JTL9_ERUVS,Thionin-like protein,ERUC_LOCUS12997,Eruca vesicaria subsp. sativa (Garden rocket) (Eruca sativa),94,MEMKRMIVFTVMMLTIGNLLVESEVINRRWGDCFKICYNVCISSAIRDKLGCFARCEAQCGPPNEINCANHPCVSAQDPTEKEIDVKKTKDFVN,Predicted,unreviewed,1.0,True,Thionins
A0ABC8L6N0,A0ABC8L6N0_ERUVS,Thionin-like protein,ERUC_LOCUS30999,Eruca vesicaria subsp. sativa (Garden rocket) (Eruca sativa),97,MIHKSQRLSKQPRACAGSPHLVEMKRTVVFMVMILTIGTLLVESEEINKNFQKCFKICFNICIVGPARYKFGCFAKCTKECGQQREIDCVNLRCVSA,Predicted,unreviewed,1.0,True,Thionins
A0ABM1RA35,A0ABM1RA35_CAMSA,Thionin-like protein 2,LOC104763011,Camelina sativa (False flax) (Myagrum sativum),52,MVSTNEIIHNDYYCKLGCATYHCVSLSFTQNLNVYKVPDCVDSCSDKCSAKN,Predicted,unreviewed,1.0,True,Thionins
A0ABQ9AHY2,A0ABQ9AHY2_9ROSI,Thionin-like protein,OIU77_007374,Salix suchowensis,69,MTTMKKILVAVFIVSMIASHFENVASDASDCLDACTTGCVQRNTRLMQRCEIKCGIRCGPNSEVEDHTG,Predicted,unreviewed,1.0,True,Thionins
A0ACC1YRP1,A0ACC1YRP1_MELAZ,Thionin-like protein,OWV82_004877,Melia azedarach (Chinaberry tree),80,MKMKMKNIIVGLMIVVVMLSHMEKVEPSAADCYDACSTACVQPNKIFIFTNTARLMQRCDRKCQIRCQPASQVEGNPGLV,Predicted,unreviewed,1.0,True,Thionins
G7IX19,G7IX19_MEDTR,Gamma-thionin/defensin,MTR_3g032570,Medicago truncatula (Barrel medic) (Medicago tribuloides),80,MARSITLVCTIFFFLFLLVSTEMQPTHVEEPEARTCDSQSHSFKGVCWIKHNCANVCKTEGFTGGHCHGFRRRCFCSKPC,Predicted,unreviewed,1.0,True,Thionins
R0GNA0,R0GNA0_9BRAS,Thionin-like protein,CARUB_v10010807mg,Capsella rubella,74,MMKKQVTIVVALMIMMALSSNLDMVAEAQLGPGDCYDGCSTACVQRDPRKTSRCDQKCSIRCGPDAVKARETGV,Predicted,unreviewed,1.0,True,Thionins
V4L382,V4L382_EUTSA,Thionin-like protein,EUTSA_v10009246mg,Eutrema salsugineum (Saltwater cress) (Sisymbrium salsugineum),76,MMKTQVTILAALLILVALTSNLDMVAEAQGQLGPGDCFDGCITGCVQRDTKKMIKCERRCAKKCGRGGKRASETGA,Predicted,unreviewed,1.0,True,Thionins
V4MR44,V4MR44_EUTSA,Thionin-like protein,EUTSA_v10009246mg,Eutrema salsugineum (Saltwater cress) (Sisymbrium salsugineum),72,MMKTQVTILAALLILVALTSNLDMVAEAQGQLGPGDCFDGCITGCVQRDTKKMIKCERRCAKKCGRGKILNF,Predicted,unreviewed,1.0,True,Thionins
A7REE9,A7REE9_ARATH,Plant thionin family protein,At1g34800 At1g34805 At1g34820 At1g34825,Arabidopsis thaliana (Mouse-ear cress),92,MGIQTCSVLIIVAILTMMFSAHIAQSNSITMCVKHCAQNECLKAAKKPTPEICDEACKKICNNQLFGDEKWFVPAPKGSSRICRWAPKYCQF,Predicted,unreviewed,1.0,True,Thionins
A0A2Z6N5H8,A0A2Z6N5H8_TRISU,Plant thionin family protein,TSUD_19360,Trifolium subterraneum (Subterranean clover),68,MMASEKAIAALLICLVITMASVKKAETLSDCAKECMPVCLKENGATIDICGDACEKYCEQMFTTMGAV,Predicted,unreviewed,1.0,True,Thionins
A0A314UGJ9,A0A314UGJ9_PRUYE,Thionin-like protein 2,Pyn_13469,Prunus yedoensis var. nudiflora,70,MSTVKKMAVALLVLCAVFSCMEKVVDSAGVDCYDACNTGCVQSNTRLYLRCDRKCQIRCGPDSEVEGNLE,Predicted,unreviewed,1.0,True,Thionins
A0A4S8KAP4,A0A4S8KAP4_MUSBA,Plant thionin family protein,C4D60_Mb04t08830,Musa balbisiana (Banana),78,MACQKATAVLFMCALLFLSFVARIEGSQNCYCECMKKCIPLGIVSEQECSKECDEACMTLGFDGKPEGGMDYCRKLES,Predicted,unreviewed,1.0,True,Thionins
A0A540KPC8,A0A540KPC8_MALBA,Plant thionin family protein,C1H46_038396,Malus baccata (Siberian crab apple) (Pyrus baccata),79,MANTKTNTIPAIVICVLVVMVCSYSMKGSEALSDCAKPCMPVCLKEEGANIPICEIACENYCKQVSGNGGWIWNNKHNL,Predicted,unreviewed,1.0,True,Thionins
A0A5D2GA54,A0A5D2GA54_GOSDA,Plant thionin family protein,ES288_A06G207400v1,Gossypium darwinii (Darwin's cotton) (Gossypium barbadense var. darwinii),58,MVTKKTIYLVVLMILGLIVIAQSDCVENCYPKCVQDVRENEGCKHACKRFCSEYAGMF,Predicted,unreviewed,1.0,True,Thionins
A0A6A1VB50,A0A6A1VB50_9ROSI,Plant thionin family protein,CJ030_MR7G001369,Morella rubra (Chinese bayberry),78,MASKNPLNVLFISVLVVTSWANASVALSQCAKGCMPVCLREKGAAKTSCEKACEAYCRQVSGNNAGDQGWGFTKKKHH,Predicted,unreviewed,1.0,True,Thionins
A0A7J0G1Q1,A0A7J0G1Q1_9ERIC,Plant thionin family protein,Acr_17g0002890,Actinidia rufa,77,MAQKFVAVFLMCIVIAAAMHVREAEAIGEVYKTCYEGCHKECLSGNGFTFCEMKCDTDCAAKEAAAKVEAFKSGLKN,Predicted,unreviewed,1.0,True,Thionins
A0A7J8RN60,A0A7J8RN60_GOSDV,Thionin-like protein 2,Godav_015429,Gossypium davidsonii (Davidson's cotton) (Gossypium klotzschianum subsp. davidsonii),99,MEKSRVSVVVMICLVVGVLLIEPTAADFNAMVFGLCYGPCYVLCRIRPGTSNITCALKCLTSCIIKKSNTVGTVGDTQSFCRLGCASAMCSNLSSDNDP,Predicted,unreviewed,1.0,True,Thionins
A0A8T1XKZ1,A0A8T1XKZ1_9BRAS,Plant thionin family protein,ISN45_Aa08g006040,Arabidopsis thaliana x Arabidopsis arenosa,71,MGAKLNSMILIVFVVTMVIAMENVNGETKAQCHEDCIQGCATTGALPSKCLQICYRGCRGKPGRALVEAQT,Predicted,unreviewed,1.0,True,Thionins
A0A8T1YCK8,A0A8T1YCK8_9BRAS,Plant thionin family protein,ISN45_Aa07g033730,Arabidopsis thaliana x Arabidopsis arenosa,67,MENKKMGVFLVMMLMIGTLMVESKAIENTPIVLTQDPICYLKCFELCLLNPIFLIKNKCAKKCDNKC,Predicted,unreviewed,1.0,True,Thionins
A0A8T2A3I8,A0A8T2A3I8_9BRAS,Plant thionin family protein,ISN45_Aa04g009490,Arabidopsis thaliana x Arabidopsis arenosa,74,MRKVISIAMIMMIVVVIVIEGEAKTEIECSKICREHCKRSSPASECVACRKKCYESPPVAMRARNLITESEDQK,Predicted,unreviewed,1.0,True,Thionins
A0A8T2B2P4,A0A8T2B2P4_9BRAS,Plant thionin family protein,ISN45_Aa03g039890,Arabidopsis thaliana x Arabidopsis arenosa,70,MAKWSAILVIMMLVIVVVAVEAKLSEKAYIQCYSKCSKSCKINKGSCFRSCKIKCGGPNPSHSSSRYMHG,Predicted,unreviewed,1.0,True,Thionins
A0A8T2BDJ7,A0A8T2BDJ7_9BRAS,Plant thionin family protein,ISN45_Aa02g006810,Arabidopsis thaliana x Arabidopsis arenosa,91,MAAQTMKKICSVLMIVVLFTMMVSTYANLVEVCVKHCVPNQCMKVSNNATLPLCENACRKLCNEDNHSHEKYIAHRSYCDGFFWFLCKKQT,Predicted,unreviewed,1.0,True,Thionins
A0A8T2CBZ4,A0A8T2CBZ4_ARASU,Plant thionin family protein,ISN44_As06g021350,Arabidopsis suecica (Swedish thale-cress) (Cardaminopsis suecica),74,MRMKIMSVVWITMLLMALITIGGDAKSDKECQLLCHKHCLPTSIVAECLKCLGICGRTPAVAVGLGTMESGEHK,Predicted,unreviewed,1.0,True,Thionins
A0A8T2CET2,A0A8T2CET2_ARASU,Plant thionin family protein,ISN44_As06g021820,Arabidopsis suecica (Swedish thale-cress) (Cardaminopsis suecica),92,MAAQVSKKICSVLMIAILFATMFSAHSNSIDVCVKDCVVNVCMKASKKATPAICDNPCKIMCDPMNGGLYIAPRGNGGPIKRFCRRFSWICN,Predicted,unreviewed,1.0,True,Thionins
A0A8T2CHW2,A0A8T2CHW2_ARASU,Plant thionin family protein,ISN44_As06g021940,Arabidopsis suecica (Swedish thale-cress) (Cardaminopsis suecica),95,MAAQNLKKTCNLLIVTALITMMFSAQISHSNNVEMCIKHCVSNQCLKEVKNATSTICEDACKKLCNDLQNGKEKYIVPTKSRFCRYFPDWCGATN,Predicted,unreviewed,1.0,True,Thionins
A0A8T2CI22,A0A8T2CI22_ARASU,Plant thionin family protein,ISN44_As06g021790,Arabidopsis suecica (Swedish thale-cress) (Cardaminopsis suecica),89,MATQTCNVFMIVAILMMMFSAHIAHSNSIGMCVKHCAQNQCLKEAKNPTPAMCDEACKKICNNQLFGGQKFIVPVKGSSRFCRWMPQYC,Predicted,unreviewed,1.0,True,Thionins
A0A8T2D1E7,A0A8T2D1E7_9BRAS,Plant thionin family protein,ISN45_At05g032740,Arabidopsis thaliana x Arabidopsis arenosa,87,MTIQTIKKIYSVLIIVVLFTMMDSTYASTVEVCVKHCVPNQCMKVSQKATLPLCETACTKLCNENKHEEYVVPRSYCEGLFWFLCDN,Predicted,unreviewed,1.0,True,Thionins
A0A8T2FE37,A0A8T2FE37_ARASU,Plant thionin family protein,ISN44_As03g039540,Arabidopsis suecica (Swedish thale-cress) (Cardaminopsis suecica),82,MAMMKVLLMVVMMMVLVGTIIVIGEESHADCLKRCQQLCVDKPLDKNCVRQCVFFNCGPPALPTNVHHSNRMKAPQNHGIRG,Predicted,unreviewed,1.0,True,Thionins
A0A8T2FPR4,A0A8T2FPR4_9BRAS,Plant thionin family protein,ISN45_At02g014300,Arabidopsis thaliana x Arabidopsis arenosa,82,MAKWSAILVILMVVIAALAVEAKWSEKDFIQCFRKCSKNCKKHDGDCFETCKIKCGGPNPPHSSSRRSSHGMDSVEVRGRRK,Predicted,unreviewed,1.0,True,Thionins
A0A8T2H6D6,A0A8T2H6D6_ARASU,Plant thionin family protein,ISN44_As01g021770,Arabidopsis suecica (Swedish thale-cress) (Cardaminopsis suecica),72,MRMKIMSVVWITMLLMALFTMGGEAKSDKECQVLCHKHCLPTSFVAECLKCLGICGRTPPVAVGTMDSGEHK,Predicted,unreviewed,1.0,True,Thionins
A0A8X8AXY5,A0A8X8AXY5_BRACI,Plant thionin family protein,Bca52824_019946,Brassica carinata (Ethiopian mustard) (Abyssinian cabbage),69,MENKKSVAMMVFVLVVMAAIGGEAVNHLCIFKCEITCRDPEFKSKCFTDCMADCEHHPTNTFHSTKPYS,Predicted,unreviewed,1.0,True,Thionins
A0A8X8B411,A0A8X8B411_BRACI,Plant thionin family protein,Bca52824_014025,Brassica carinata (Ethiopian mustard) (Abyssinian cabbage),72,MKTQVTIVVALMILVALSSTLDMVTVTEAQVNCIDSCTTGCVKPTPKETIRCHHECDKKCSRGGKGGSETGA,Predicted,unreviewed,1.0,True,Thionins
A0AAD4SQV4,A0AAD4SQV4_9MAGN,Plant thionin family protein,MKW98_021324,Papaver atlanticum,82,MGGNGKSLMRMISVLFIVGMFVGQISAFDVPKFIDCFKPCYIDCMKPNPGDRKLTDICFNVCGLACYKQPPLDHSHRKTLAN,Predicted,unreviewed,1.0,True,Thionins
A0AAU9SR15,A0AAU9SR15_THLAR,Plant thionin family protein,TAV2_LOCUS20474,Thlaspi arvense (Field penny-cress),86,MGKLNATIVLMIFMIVMAVTVEAKHKKSWIKCFRECSDSKHCKDDDGNCFEHCKIKCGGPNPLHGPSSAPRILHERPSVDVHGRQQ,Predicted,unreviewed,1.0,True,Thionins
A0ABC8JJ62,A0ABC8JJ62_ERUVS,Plant thionin family protein,ERUC_LOCUS9684,Eruca vesicaria subsp. sativa (Garden rocket) (Eruca sativa),78,MGVIKIIMVTLIMMMMLVGTIRETKATSATYWACVKHCKDEFCSSKPGDKNCFPNCIFYNCGSTPPRNIRNAKGEGST,Predicted,unreviewed,1.0,True,Thionins
A0ABD3EM59,A0ABD3EM59_9LAMI,Plant thionin family protein,CASFOL_001286,Castilleja foliolosa,83,MRASRMGLSITMMMGLILFFADIGVAENNQNGGGIEEPIDYAYCVLECMKLCPGPDKLVCLPDCSNKCKKHSQSVGPNDSPTA,Predicted,unreviewed,1.0,True,Thionins
A0ABQ7CAG5,A0ABQ7CAG5_BRACR,Plant thionin family protein,DY000_02005242,Brassica cretica (Mustard),96,MAAQVLNKTYRAFMILTLFTMICSIQVSNSIPRDVCIKDCVINQCMKASKKATPAICDNPCKIICDPMNNERYITPSQGYRNPVKRFCETFSWICQ,Predicted,unreviewed,1.0,True,Thionins
A0ABQ7ERG3,A0ABQ7ERG3_BRACR,Plant thionin family protein,DY000_02048472,Brassica cretica (Mustard),99,MKTQILKNSCTIFMIVAIYIMMLSAQISLSTDVEKCVKHCILNQCMKVSGKPDPATCEVDCKTFCNKQLTSHEEYIVSKPNGVVETVRNYMCKRFNTCF,Predicted,unreviewed,1.0,True,Thionins
A0ABQ7F702,A0ABQ7F702_BRACR,Plant thionin family protein,DY000_02046117,Brassica cretica (Mustard),98,MAIQMSKKVASVLIIVILFTISFSAQVSHSKTIDVGCVKNCIVNQCMKASKKATPATCDNPCKTICTATGIKSYIIPRGGGRDPVKAFCITFKWFCKN,Predicted,unreviewed,1.0,True,Thionins
D7KKG1,D7KKG1_ARALL,Plant thionin family protein,ARALYDRAFT_314652,Arabidopsis lyrata subsp. lyrata (Lyre-leaved rock-cress),82,MSIKKCVVLMVVVLVVLVAMVEEVEGRSTPYGRCMDLCMIKCNPFFTHPEKYCRDKCNRKCHRLYPSQSSQMESIGMRNING,Predicted,unreviewed,1.0,True,Thionins
D7KYA6,D7KYA6_ARALL,Plant thionin family protein,ARALYDRAFT_675551,Arabidopsis lyrata subsp. lyrata (Lyre-leaved rock-cress),90,MATQTMKKIYSCLMIVVLFTIVVSTYASTVEVCVKHCVPNQCMKVSQKATLPLCENACKKFCNQNKFSDEKLIVHRSSCDGLFSWLFCNK,Predicted,unreviewed,1.0,True,Thionins
D7KYA7,D7KYA7_ARALL,Plant thionin family protein,ARALYDRAFT_893703,Arabidopsis lyrata subsp. lyrata (Lyre-leaved rock-cress),91,MATQTMKNIYSVLMIVLLFTMMVSTYASTVEVCVKHCVPNQCMKISKKVTIPLCENACKKLCNQNKFSDEKYYTMPPGDLCEGFFGLLCNN,Predicted,unreviewed,1.0,True,Thionins
A0A218XKF0,A0A218XKF0_PUNGR,Thionin-like protein 2,CRG98_033634,Punica granatum (Pomegranate),72,MEINKKMILAAALLLCLVSSQIETAVPSAADCYDACTTACVQSNTRLMQRCERKCQIKCGPAGSRVSGKNLG,Predicted,unreviewed,1.0,True,Thionins
A0A565BTR9,A0A565BTR9_9BRAS,Plant thionin family protein,ANE_LOCUS15215,Arabis nemorensis,67,MGMKKCIVLMMMVAIVMTAMEDKVEGLSCMDICMFKCGLILLPEHDCLKRCKRECHIQSRFSSQSLQ,Predicted,unreviewed,1.0,True,Thionins
A0A5C7GYA9,A0A5C7GYA9_9ROSI,Plant thionin family protein,EZV62_025384,Acer yangbiense,81,MAKTIAMLLIIALVVMPVAMINADDSPCMQKCISTCHQQLPKAPPAQCQTACDSYCHGGEGDETIAADSVSTIGSDGIVRN,Predicted,unreviewed,1.0,True,Thionins
A0A5D2KML4,A0A5D2KML4_GOSTO,Plant thionin family protein,ES332_D06G223200v1,Gossypium tomentosum (Hawaiian cotton) (Gossypium sandvicense),58,MVTKKTIYLVVLMILGLIVIAQSDCVENCYPKCVEDVREKEGCKHACQRFCSEYDGMF,Predicted,unreviewed,1.0,True,Thionins
A0A6D2HDM2,A0A6D2HDM2_9BRAS,Plant thionin family protein,MERR_LOCUS1233,Microthlaspi erraticum,93,MAKWSAIVVIMMMVVIAATVTVQVEAKQSWIQCFRECSKPCADHDGDCFERCKVQCGGPNPPHGPTPPPHGPTPPPRRISRGMASMEVRGRRE,Predicted,unreviewed,1.0,True,Thionins
A0A7J0FKX6,A0A7J0FKX6_9ERIC,Plant thionin family protein,Acr_13g0002100,Actinidia rufa,80,MAGKMVAVFLMCVVVVAAMHVQEAEAMGEVFKPCYEECQKDCQASGNGNTFCEMKCDTDCSLKENAGTFSPHPSLSPYVL,Predicted,unreviewed,1.0,True,Thionins
A0A7J7D8D4,A0A7J7D8D4_TRIWF,Plant thionin family protein,HS088_TW09G00598,Tripterygium wilfordii (Thunder God vine),89,MGVKRSNVFGLVIAFVVLVSLYANEGEAVSDCAKQCMPTCMREDGATLHACDPACEKYCEQISGNTGGADTGWSWTTGKVNNIKNRRRI,Predicted,unreviewed,1.0,True,Thionins
A0A7J8LAH4,A0A7J8LAH4_9ROSI,Plant thionin family protein,Golob_020472,Gossypium lobatum,97,MGAKKMMAISLMVLMMMTMLVNEVRAIENLDVERSEKEGIGSCAKECALKCLPQINPPRIIICTALCIIECKLNPPPAIFDCTTGCANSIIKTYNPT,Predicted,unreviewed,1.0,True,Thionins
A0A7J9LHA1,A0A7J9LHA1_GOSSC,Thionin-like protein 2,Goshw_016465,Gossypium schwendimanii (Cotton),99,MEKSRVSVVVMICLVVGVLLIEPTAADFNAIVFGLCYGPCYVLCHIRPGTSNVICALKCLTSCIIKKSNTVGTVGDTQSFCHLGCASAMCSNLSSDNDP,Predicted,unreviewed,1.0,True,Thionins
A0A816I9F4,A0A816I9F4_BRANA,Plant thionin family protein,HID58_052937,Brassica napus (Rape),79,MEKKCISMFFVMIVMALTMKPLTAVGEPYDACVRRCISSCEIFYREVDKCIHDCIGIKCHKSNVLPRMATKGMFQEIHT,Predicted,unreviewed,1.0,True,Thionins
A0A8S9KCG7,A0A8S9KCG7_BRACR,Plant thionin family protein,DY000_02060499,Brassica cretica (Mustard),94,MTTQTFKKSCIIFMIVAICTVMFSAQNCLSTNVEKCVKHCIPNQCMKEAKKADMFICEEACKKFCNKHVTSHEEYAVPTTDGGFMCTHIWNCVS,Predicted,unreviewed,1.0,True,Thionins
A0A8T1ZZ96,A0A8T1ZZ96_ARASU,Plant thionin family protein,ISN44_As10g016210,Arabidopsis suecica (Swedish thale-cress) (Cardaminopsis suecica),80,MEMKKCSMMMMMMILMMLVMASIRGGDAVIIRTTCKQMCIDQCGGRITIPETPCLRKCLHEKCGFPAPPMEAVRMRNIRG,Predicted,unreviewed,1.0,True,Thionins
A0A8T2BNN6,A0A8T2BNN6_9BRAS,Plant thionin family protein,ISN45_Aa02g006850,Arabidopsis thaliana x Arabidopsis arenosa,91,MATQIMQKIYSVLMIVVLFTMMVSTYASTVEVCVKHCVPNQCMKISKKATIPLCENACKKLCNQNKFSDEKFYVMPPGDLCEGFFGLLCNN,Predicted,unreviewed,1.0,True,Thionins
A0A8T2DAB3,A0A8T2DAB3_9BRAS,Plant thionin family protein,ISN45_At05g059260,Arabidopsis thaliana x Arabidopsis arenosa,74,MENKYSSVVMILVLVVMAAIGGEASDLSCEQKCRSACAGGKGFVHLPECYIDCVRKCKDIPPTIETSRDGGMKA,Predicted,unreviewed,1.0,True,Thionins
A0A8T2DPN3,A0A8T2DPN3_ARASU,Plant thionin family protein,ISN44_As05g058480,Arabidopsis suecica (Swedish thale-cress) (Cardaminopsis suecica),81,MDKKWSVMMMMFVLVVMAAIGGEAASHSCTLKCELTCSDWEFKTPCFKQCMAACEHHPFTRTLSSIKSTVADTKRMEEMRG,Predicted,unreviewed,1.0,True,Thionins
A0A8T2FYK5,A0A8T2FYK5_ARASU,Plant thionin family protein,ISN44_As02g014740,Arabidopsis suecica (Swedish thale-cress) (Cardaminopsis suecica),80,MAKWSAILVIMMVIVVVAVEANGTKNSWIKCYRKCSKSCADNDGNCFERCKIKCGGPNPPHSSSRIPHGMESVEVGGRRK,Predicted,unreviewed,1.0,True,Thionins
A0A8T2GG26,A0A8T2GG26_9BRAS,Plant thionin family protein,ISN45_At01g012630,Arabidopsis thaliana x Arabidopsis arenosa,85,MEGKSLVAILVTILVMGNLLPQTEAQKIPFMQCFPACMIVCKSESKFPKFLTCPITCLKTCLHPPPLPPSPPPSPSPSPSPCKNN,Predicted,unreviewed,1.0,True,Thionins
A0A8T2GLI0,A0A8T2GLI0_9BRAS,Plant thionin family protein,ISN45_At01g030790,Arabidopsis thaliana x Arabidopsis arenosa,77,MGAKWNSMIIMVFVVTMVIAMENVNGETKAQCHEDCILGCATTGRILITCLQNCYRRCPGKSRRTLGNHFSEGKKKK,Predicted,unreviewed,1.0,True,Thionins
A0A8T2GM39,A0A8T2GM39_9BRAS,Plant thionin family protein,ISN45_At01g034560,Arabidopsis thaliana x Arabidopsis arenosa,92,MGIQTRSVLIIIAILTMMFSAHIAQSNSITMCVKHCAQNECLKAAKKPTPEICDEACKKICNNQLFGDEKWFVPAPKGSSRICRWAPKYCQF,Predicted,unreviewed,1.0,True,Thionins
A0A8T2GRE5,A0A8T2GRE5_9BRAS,Plant thionin family protein,ISN45_At01g049470,Arabidopsis thaliana x Arabidopsis arenosa,88,MARQTMKKICSVLMIIVLFTMMVSTYASTLEVCVKHCVPNQCMKVSEKVTLPLCENACKKLCNENKFSHEKSIVPRSYCDGLWWWLCK,Predicted,unreviewed,1.0,True,Thionins
A0A8T2H6J3,A0A8T2H6J3_ARASU,Plant thionin family protein,ISN44_As01g022330,Arabidopsis suecica (Swedish thale-cress) (Cardaminopsis suecica),100,MAAQSLKKTCDLLIITTLLAMMFSAQISHSNNVNMCIKHCVSNQCLKEVKNATPIMCEDACKKLCTEQQQSGQERYLLPVPPGTSKFCRLFPKACGLFNL,Predicted,unreviewed,1.0,True,Thionins
A0A8T2H7X8,A0A8T2H7X8_ARASU,Plant thionin family protein,ISN44_As01g022230,Arabidopsis suecica (Swedish thale-cress) (Cardaminopsis suecica),90,MTTQTCNVFMFVAILTMMFSAHIAQSNSLIMCVKHCAHNRCLKAAKNFTPEICDETCKKICNNQLFGGEKFIVPPPKGSSHFCRWLPQFC,Predicted,unreviewed,1.0,True,Thionins
A0A8X7PMP5,A0A8X7PMP5_BRACI,Plant thionin family protein,Bca52824_083889,Brassica carinata (Ethiopian mustard) (Abyssinian cabbage),67,MEMKRMVVFMVMVLTFRNLLVESEVINRRWGDCFKICYNICVTGPIRDRLACWPRCAAECGPSKFWQ,Predicted,unreviewed,1.0,True,Thionins
A0A8X7PYZ8,A0A8X7PYZ8_BRACI,Plant thionin family protein,Bca52824_078671,Brassica carinata (Ethiopian mustard) (Abyssinian cabbage),77,MAKWSAIVLIMMTVVAIAVTAEAKYDRNEWLKCFRKCSKPCKTHDGNCFERCKVQCGGPNPPHGPGGPLPPPSSPRY,Predicted,unreviewed,1.0,True,Thionins
A0AA41VZY4,A0AA41VZY4_PAPNU,Plant thionin family protein,MKW94_012774,Papaver nudicaule (Iceland poppy),81,MAGKMNFAVTLTCFIIFVVVVQTTQADSYTECLTKCYRDTIRGSPSPDVPSRDCVIRCDSEIAKAKKEPPKEKYRRRIPHQ,Predicted,unreviewed,1.0,True,Thionins
A0AAN7FPD2,A0AAN7FPD2_QUERU,Thionin-like protein 2,RGQ29_018085,Quercus rubra (Northern red oak) (Quercus borealis),92,MMLCLFLGMLVGKSTINFKDCYTGCLVLCLFQSKNVFTCGLKCIKDCIEPSSTTDFQYFCKLSCATSLCTNISTKENSNECVDSCSKPCTKN,Predicted,unreviewed,1.0,True,Thionins
A0AAU9R6E0,A0AAU9R6E0_THLAR,Plant thionin family protein,TAV2_LOCUS3808,Thlaspi arvense (Field penny-cress),71,MDAKWNSMIVIMFVVAMVMAMNTVNAMTLSECRDNCPQSCAFTGAPEYKCLQSCYQRCQGLPPYRIVEAHT,Predicted,unreviewed,1.0,True,Thionins
A0AAU9SHM2,A0AAU9SHM2_THLAR,Plant thionin family protein,TAV2_LOCUS16721,Thlaspi arvense (Field penny-cress),65,MGIKKCIVLMTVVAIVMAAMVAEVEGLSCMDKCMFECGLILMPQKACEEKCLRKCHIPPGRRLLE,Predicted,unreviewed,1.0,True,Thionins
A0AAV2EMA6,A0AAV2EMA6_9ROSI,Plant thionin family protein,LTRI10_LOCUS28059,Linum trigynum,85,MIVNNNISASIRATMVTMLIMMVTTMRVGEAIIQGCMSECMSQCQKETGGPSSECDGACSALCINALGVAASDSSGVSAQSLAGR,Predicted,unreviewed,1.0,True,Thionins
A0ABC8KK04,A0ABC8KK04_ERUVS,Plant thionin family protein,ERUC_LOCUS21671,Eruca vesicaria subsp. sativa (Garden rocket) (Eruca sativa),76,MSKVMSMVWIVMILAVMVIEGEAKTEIECSKICRPHCQRSSPASECAACRTKCYKSPPVAMRGRNRRMVPEVHKQQ,Predicted,unreviewed,1.0,True,Thionins
A0ABQ8CLV2,A0ABQ8CLV2_BRANA,Plant thionin family protein,HID58_025705,Brassica napus (Rape),72,MKTQVTIVAALMILVALSSTLDMVKVTEAQVNCIDSCTTGCVKPTPKETIRCHHECDKKCSRGGKGGSETGA,Predicted,unreviewed,1.0,True,Thionins
D7KK07,D7KK07_ARALL,Plant thionin family protein,ARALYDRAFT_472376,Arabidopsis lyrata subsp. lyrata (Lyre-leaved rock-cress),74,MRMKIMSVVWITMLLMALITMGGDAKSDKECQLLCHKHCLPTSIVAECLKCLGICGRTPAVAVGLGTMESGEHK,Predicted,unreviewed,1.0,True,Thionins
D7KKX2,D7KKX2_ARALL,Plant thionin family protein,ARALYDRAFT_889679,Arabidopsis lyrata subsp. lyrata (Lyre-leaved rock-cress),93,MAAQSLKKTCNLLIVTALITMMFSAQISHSNNVDMCINLKCVPNQCMKVVKNGTPVICEEMCKKYCLEGPVKVDYIVPPGDHTYLRRLCRYLV,Predicted,unreviewed,1.0,True,Thionins
D7KPZ0,D7KPZ0_ARALL,Plant thionin family protein,ARALYDRAFT_474752,Arabidopsis lyrata subsp. lyrata (Lyre-leaved rock-cress),53,MMVSTCASTVEMCVKHCVPNQCMKVSKKATLPLCENACKKFCNQNKFADMKFY,Predicted,unreviewed,1.0,True,Thionins
D7KYA1,D7KYA1_ARALL,Plant thionin family protein,ARALYDRAFT_893697,Arabidopsis lyrata subsp. lyrata (Lyre-leaved rock-cress),90,MATQAMKNIYSCLMIVVLFMMMVLTYASTVEVCVKHCVPNQCMKVSQKATLPLCENACKKFCNQNKFSHDKHIVPRSSCDGLFSWLLCNK,Predicted,unreviewed,1.0,True,Thionins
D7MHU6,D7MHU6_ARALL,Plant thionin family protein,ARALYDRAFT_915695,Arabidopsis lyrata subsp. lyrata (Lyre-leaved rock-cress),82,MENKKMGVFLVMMLMIGTLMVESKAIENTPVVLKQDPICYLKCFELCLLNPIFLIKNKCPKKCDKKCVEHFSEIIPKTNRPN,Predicted,unreviewed,1.0,True,Thionins
R0FSH8,R0FSH8_9BRAS,Plant thionin family protein,CARUB_v10018711mg,Capsella rubella,70,MEMKKWSMMMMMMIVIVVVMASTREGEAMRLGPTCKQFCIDQCGGRITIPESPCLRRCLHQKCGSPPLPL,Predicted,unreviewed,1.0,True,Thionins
R0H7W5,R0H7W5_9BRAS,Plant thionin family protein,CARUB_v10018741mg,Capsella rubella,69,MKVMLMVVMMMVLVGTIIGEVKTEESHEDCLKRCVKMCADKPEDKNCVRQCIFFNCGPPSLPTNVHHSK,Predicted,unreviewed,1.0,True,Thionins
A0A087GDS7,A0A087GDS7_ARAAL,Plant thionin family protein,AALP_Aa8g462700,Arabis alpina (Alpine rock-cress),78,MENKWSVVMMMFILVVFTAIEGEAVNHLCTFKCEMLCRDPEFTSDCFKKCMADCDHKNAFHSTSQSRTKATRMEEMRG,Predicted,unreviewed,1.0,True,Thionins
A0A565CVR5,A0A565CVR5_9BRAS,Plant thionin family protein,ANE_LOCUS28273,Arabis nemorensis,80,MENKWSVVTMMFVLVVIAAIGGEATSHICTFKCEMTCGDPEFTSDCFKKCIAECEHPHTNAFHSTSQSRTKTKRMEEMRG,Predicted,unreviewed,1.0,True,Thionins
A0A8D9HKE4,A0A8D9HKE4_BRACM,Thionin-like protein,BRAPAZ1V2_A08P29500.2,Brassica campestris (Field mustard),66,MMKKQVTIVAALLILVALSSNLDMVAEAQLGPGDCYDGCSTACVQRDSRKTARCDRKCSIRCGPGN,Predicted,unreviewed,1.0,True,Thionins
A0A8T1XP82,A0A8T1XP82_ARASU,Plant thionin family protein,ISN44_As13g005910,Arabidopsis suecica (Swedish thale-cress) (Cardaminopsis suecica),71,MGAKMNSMILIVFLVTMVIAMENVNGETKAQCHEDCIQGCATTGALPSKCLQICYRGCHGKPGRALVDAQT,Predicted,unreviewed,1.0,True,Thionins
A0A8T2BDD9,A0A8T2BDD9_ARASU,Plant thionin family protein,ISN44_As08g039940,Arabidopsis suecica (Swedish thale-cress) (Cardaminopsis suecica),82,MAKWSALLVILMVVIVVVAVEAKWSEKDFSDPQCYDKCIKSCRKHDGDCFEFCRVVCPNPPHSSSRRISHGMESVEVGGRKK,Predicted,unreviewed,1.0,True,Thionins
A0A8T2BEK0,A0A8T2BEK0_ARASU,Plant thionin family protein,ISN44_As08g039930,Arabidopsis suecica (Swedish thale-cress) (Cardaminopsis suecica),82,MAKWSAIVVIMMMVIVVVAVEAKATQKDWIRCFRKCSKNCDDHDGNCFERCKIKCGGPNPPHGPSGPPHSFSRISHGTASRD,Predicted,unreviewed,1.0,True,Thionins
A0A8T2FKP3,A0A8T2FKP3_9BRAS,Plant thionin family protein,ISN45_At02g014240,Arabidopsis thaliana x Arabidopsis arenosa,69,MAKWSAIVLIMMVMIVGVTIEAQEESGWTICFRQCSQPCRSDDGSCYENCKIECGGPKPPLSRLRSSHA,Predicted,unreviewed,1.0,True,Thionins
A0A8T2G439,A0A8T2G439_ARASU,Plant thionin family protein,ISN44_As02g014720,Arabidopsis suecica (Swedish thale-cress) (Cardaminopsis suecica),69,MAKWSAIVLIMMVMIVAVTIEAQEESGSTICFRQCSQPCRSDDGSCYENCKIECGGPKPPLSRLRSSHA,Predicted,unreviewed,1.0,True,Thionins
A0A8T2GIM4,A0A8T2GIM4_9BRAS,Plant thionin family protein,ISN45_At01g022150,Arabidopsis thaliana x Arabidopsis arenosa,93,MAVQVSKKICRVLMIVILFAMMFSAHSNSIDVCVKNCVVNQCMKASKKATPAICDNPCKIICDPLNNERYIVPRGNGGPIKRFCRAFSWICSA,Predicted,unreviewed,1.0,True,Thionins
A0A8T2GQ99,A0A8T2GQ99_9BRAS,Plant thionin family protein,ISN45_At01g045280,Arabidopsis thaliana x Arabidopsis arenosa,80,MSLKKCVVLMVVVLVVMVAMVEEVEGLSYATCMDLCETKCNFFFTHPEKYCKDKCNRKCRRLQSAQSSQMETIEMRNING,Predicted,unreviewed,1.0,True,Thionins
A0A8T2HFG3,A0A8T2HFG3_ARASU,Plant thionin family protein,ISN44_As01g044300,Arabidopsis suecica (Swedish thale-cress) (Cardaminopsis suecica),69,MVVVLVVMVAMVEDVEGRLSYATCMDLCETKCNFFFTHPEKYCKDKCNRKCRRLQSSQVETIGMRNING,Predicted,unreviewed,1.0,True,Thionins
A0A9J6AAR3,A0A9J6AAR3_SOLCO,Plant thionin family protein,H5410_006786,Solanum commersonii (Commerson's wild potato) (Commerson's nightshade),69,MNFTKMLVALFFIVIFVANVEGIGEVKLTCKEHCKLVCHLNPGCMEECMQECDHGSISTKKVQLNVAPN,Predicted,unreviewed,1.0,True,Thionins
A0AA41RQD8,A0AA41RQD8_PAPNU,Plant thionin family protein,MKW94_018465,Papaver nudicaule (Iceland poppy),81,MAGKMNFAVTLTCFIIFAVEVQTTQADRYTECLTKCYRDTIRGSPSPDVPSRDCVIRCDSEIAKAKKEPPKEKYRRRIPHQ,Predicted,unreviewed,1.0,True,Thionins
A0AA41VCA6,A0AA41VCA6_PAPNU,Plant thionin family protein,MKW94_003225,Papaver nudicaule (Iceland poppy),88,MEKSGKSLMRMITVVLLIVGMFVVQISASASPNDQSIGQLLDCIKPCLVECIKPDPDSQQLTNICVRKCLPPCLKAPLQNSHRKIIAN,Predicted,unreviewed,1.0,True,Thionins
A0AAD4SDJ8,A0AAD4SDJ8_9MAGN,Plant thionin family protein,MKW98_013742,Papaver atlanticum,80,MGGGMKSTLRMIGIVLLIVGMCLGRISASRESEIACFNKCYFDCDYPNPSDPDLASACIDKCDALCEKSPANSHRKSLAS,Predicted,unreviewed,1.0,True,Thionins
A0AAU9SRG0,A0AAU9SRG0_THLAR,Plant thionin family protein,TAV2_LOCUS21926,Thlaspi arvense (Field penny-cress),86,MGKLNATIVLMIFMIVMVVTVEAKHKKSWIKCFRECSDSKHCKDDDGNCFERCKIKCGGPNPPHGPSSAPRILHERLSVDVHGRQQ,Predicted,unreviewed,1.0,True,Thionins
A0AAV6W227,A0AAV6W227_9LAMI,Plant thionin family protein,BUALT_Bualt19G0090900,Buddleja alternifolia,72,MEKKKMVIVMTMIIFIITANMNGVKSDASDCYDGCSTACVNPDPRLTSRCDRKCQIRCSPGIVPQYIYIYIF,Predicted,unreviewed,1.0,True,Thionins
A0ABC8J794,A0ABC8J794_ERUVS,Plant thionin family protein,ERUC_LOCUS4576,Eruca vesicaria subsp. sativa (Garden rocket) (Eruca sativa),77,MGVMKIIMVTLMMMLLVGTIRETKATSASYAACVKHCSDLCSSKPGDKNCVPNCVFFNCGPPAIPRNIRHTKGEGST,Predicted,unreviewed,1.0,True,Thionins
A0ABC8JDW0,A0ABC8JDW0_ERUVS,Plant thionin family protein,ERUC_LOCUS9675,Eruca vesicaria subsp. sativa (Garden rocket) (Eruca sativa),78,MGVMKIIMVTLMMMILLVGTIRETKATSVAYWACVKHCKDEFCSSKPGDKNCVPNCIFYNCGSTPPRNIRNAKGEGST,Predicted,unreviewed,1.0,True,Thionins
A0ABQ7AQZ3,A0ABQ7AQZ3_BRACR,Plant thionin family protein,DY000_02060495,Brassica cretica (Mustard),94,MTTQTCKKSFIIFMIVAICTVMFSAQSCVSTNGEKCIKHCISIHCMKVAKKADMTICEEACKMFCNKHVTSHEEYAVPVTDGGFICTYIWNCLS,Predicted,unreviewed,1.0,True,Thionins
A0ABQ7AWV7,A0ABQ7AWV7_BRACR,Plant thionin family protein,DY000_02060515,Brassica cretica (Mustard),93,MMTQTLKKSCIIFMIVAICTVMFSAQNCLSTNVEKCFKHCIPNQCMKVAKKEDMTICEEACKKFCNKHVPSHQEYAVPSTGGGFICTFWNCVW,Predicted,unreviewed,1.0,True,Thionins
A0ABQ7BB07,A0ABQ7BB07_BRACR,Plant thionin family protein,DY000_02044018,Brassica cretica (Mustard),96,MAAQVLNKTYRAFMILTLFTMICSIQVSDSIPRDVCIKDCVINQCMKASKKATPAICDNPCKIICDPMNNERYITPSQGYRNPVKRFCETFSWICQ,Predicted,unreviewed,1.0,True,Thionins
A0ABQ7CYU1,A0ABQ7CYU1_BRACR,Plant thionin family protein,DY000_02011553,Brassica cretica (Mustard),69,MEKKWSVAMMVFVLVVMAATGGEAFNHLCTFKCCILCHDIEFKTPCFKLCMADCQQKATNILHSTKNSQ,Predicted,unreviewed,1.0,True,Thionins
A0ABQ7EZH0,A0ABQ7EZH0_BRACR,Plant thionin family protein,DY000_02046891,Brassica cretica (Mustard),53,MTTQTLKKSCTIFMIVVICTMMLSTQNSLSTSVEKCVKHCIPNQCMKVAKKMI,Predicted,unreviewed,1.0,True,Thionins
D7KKU9,D7KKU9_ARALL,Plant thionin family protein,ARALYDRAFT_889655,Arabidopsis lyrata subsp. lyrata (Lyre-leaved rock-cress),90,MATQTCSVFLMVAILTMMFSAHIAHSNSIEMCVKHCAQNQCLKAAKNPTPAICDEACKKICNNQLFGGEKFIVPPVKGSSRFCRWMPQYC,Predicted,unreviewed,1.0,True,Thionins
D7KKV2,D7KKV2_ARALL,Plant thionin family protein,ARALYDRAFT_889658,Arabidopsis lyrata subsp. lyrata (Lyre-leaved rock-cress),93,MAAPMSKKICSVLIIAILFATMFSAHSNSIDVCVKDCVVNVCMKASKKATPAICDNPCKIMCDPMNGEQYIVPRGNGGPIKRFCRRFSWICNP,Predicted,unreviewed,1.0,True,Thionins
D7KYA3,D7KYA3_ARALL,Plant thionin family protein,ARALYDRAFT_893699,Arabidopsis lyrata subsp. lyrata (Lyre-leaved rock-cress),91,MATQIMQKIYSVLMIVVLFTMMVSTYASTVEVCVKHCVPNQCMKISKKATIPLCENACKKLCNQNKFSDEKFYAMPPGDLCEGFFGLLCNN,Predicted,unreviewed,1.0,True,Thionins
D7MNE6,D7MNE6_ARALL,Plant thionin family protein,ARALYDRAFT_686018,Arabidopsis lyrata subsp. lyrata (Lyre-leaved rock-cress),82,MEKKWSVVMMMLVLVVMAAIGGEAVDHLCTFKCEITCRDPEFITPCFKKCMAECQHRPPSTSTLHSISQSQMKTKAMEETRG,Predicted,unreviewed,1.0,True,Thionins
R0GRV4,R0GRV4_9BRAS,Plant thionin family protein,CARUB_v10028421mg,Capsella rubella,81,MEKKSSVLVMMMMIMMVVIGTEAINHLCTFKCEITCRDPEFKSECFRECMRECEHPSSTNTFHSTSHSQMKKTKEMEEMGI,Predicted,unreviewed,1.0,True,Thionins
R0HVB1,R0HVB1_9BRAS,Plant thionin family protein,CARUB_v10025641mg,Capsella rubella,78,MGKVISIALLMMVLAVIVIECEAKSEIECTRICRKHCTRTSPVSECAACRKKCYESPPAVARTRRNSMFMESEEEKHR,Predicted,unreviewed,1.0,True,Thionins
V4K150,V4K150_EUTSA,Plant thionin family protein,EUTSA_v10005556mg,Eutrema salsugineum (Saltwater cress) (Sisymbrium salsugineum),80,MENKWSVVVMMMFVLVVMAPIGEAMDHVCVGQCIMTCNDREMKTECFRHCMKDCHRPLSNFHSSTSHSQMKTGEMEKMRG,Predicted,unreviewed,1.0,True,Thionins
A7REE8,A7REE8_ARATH,Plant thionin family protein,At1g34795 At1g34810 At1g34815 At1g34830,Arabidopsis thaliana (Mouse-ear cress),92,MGIQTCSVLIIVIILTMMFSAHIAQSNSITMCVKHCAQNECLKAAKKTTPEICDEACKKICNNQLFSDEKWFVPSPKGSSRICRWAPKYCQF,Predicted,unreviewed,1.0,True,Thionins
A0A822Y2T7,A0A822Y2T7_NELNU,Thionin-like protein 2,HUJ06_028225,Nelumbo nucifera (Sacred lotus),78,MATSYNKVFAVFFISALVMMASFQTSEAISECAKSCMPSCMEVDGSTLGVCEEACESGCTQLNGDAAAVKAKFEAKIV,Predicted,unreviewed,1.0,True,Thionins
A0A8T2DU41,A0A8T2DU41_ARASU,Plant thionin family protein,ISN44_As05g029690,Arabidopsis suecica (Swedish thale-cress) (Cardaminopsis suecica),72,MGVFVVVMLMIGTLMVESREIATTPITVKPTFPICYTTCFALCLLNPIFLNKKKCPEKCGNKCLESKPNPPK,Predicted,unreviewed,1.0,True,Thionins
A0A8T2FMV2,A0A8T2FMV2_9BRAS,Plant thionin family protein,ISN45_At02g014250,Arabidopsis thaliana x Arabidopsis arenosa,84,MAKWSAILVILMVVVAVVAVEAKWSEKDSSDDDQCYRECIKSCRKHDDGDCFEMCRAMCPITAHHSSSRIPHGMESVEVGGRRK,Predicted,unreviewed,1.0,True,Thionins
A0A8T2FZR8,A0A8T2FZR8_ARASU,Plant thionin family protein,ISN44_As02g014760,Arabidopsis suecica (Swedish thale-cress) (Cardaminopsis suecica),88,MKKWSAIVVIMMTVIVLVAVEAKGTQKDWIRCFRKCSKPCDDRDGNCFVRCKIKCGGPNPPHGSSGPPHSSSRISHETTSREVFGRRL,Predicted,unreviewed,1.0,True,Thionins
A0A8T2GIK9,A0A8T2GIK9_9BRAS,Plant thionin family protein,ISN45_At01g022210,Arabidopsis thaliana x Arabidopsis arenosa,100,MAAQSLKKTCDLLIITTLLAMMFSAQISHSNNVNMCIRHCVSNQCLKEVKNATPIMCEDACKKLCTEQQQSGQERYLVPVPPGTSKFCRLFPKACGLFNL,Predicted,unreviewed,1.0,True,Thionins
A0A8T2H997,A0A8T2H997_ARASU,Plant thionin family protein,ISN44_As01g030470,Arabidopsis suecica (Swedish thale-cress) (Cardaminopsis suecica),76,MGAKWNSMIIMVFVVTMVIAMEYVNGETRAQCHEDCITGCATTGIIPIKCLQNCYRRCPGKPRRTLGHHFSEGKKK,Predicted,unreviewed,1.0,True,Thionins
A0A9Q0SSK8,A0A9Q0SSK8_9ROSI,PLANT THIONIN FAMILY PROTEIN,OIU74_017109,Salix koriyanagi,69,MTTMKKILVAVFIVSMIASHFENVASDASDCLDACTTGCVQRNTRLMQRCEIKCGIRCGQNSEVEDHTG,Predicted,unreviewed,1.0,True,Thionins
A0AAD4RVL6,A0AAD4RVL6_9MAGN,Plant thionin family protein,MKW98_015966,Papaver atlanticum,80,MEGNGKSPMRIISVMLIVGMFMGQISADSVSDYLACFKPCYYNCMNPNPEDKKLSDTCLNICGLACIKKSPLDNSHRKIL,Predicted,unreviewed,1.0,True,Thionins
A0AAN9JW99,A0AAN9JW99_CANGL,Plant thionin family protein,VNO77_43138,Canavalia gladiata (Sword bean) (Dolichos gladiatus),76,MASTKSIATLLISLVITMAYVKGDETLSDCAKSCMPVCLKENGASMAGCGTACESYCDQISKSFKGNPYSNSIIGL,Predicted,unreviewed,1.0,True,Thionins
A0AAV1Y3C4,A0AAV1Y3C4_LUPLU,Plant thionin family protein,LLUT_LOCUS29537,Lupinus luteus (European yellow lupine),65,MASKKTLAAFLICMVIAMAFVERAETLSDCAKECMPVCLKEKGSTIDACSPACEEYCSQYTSKNK,Predicted,unreviewed,1.0,True,Thionins
A0AAV2DK65,A0AAV2DK65_9ROSI,Plant thionin family protein,LTRI10_LOCUS16131,Linum trigynum,96,MTMLNNNMSSLAIIIRVVMVAAVMVTMTTVRVGEAMAHGCMSECVPQCERETGGSSPECVEACSSLCINVMGIAASESSMVPVQSPVADVASELNI,Predicted,unreviewed,1.0,True,Thionins
A0ABC8K0A4,A0ABC8K0A4_ERUVS,Plant thionin family protein,ERUC_LOCUS14746,Eruca vesicaria subsp. sativa (Garden rocket) (Eruca sativa),79,MEKKCMSMFFVMMVMTLAMMPLTAVGEPYAACVNRCESSCQIFFREVEKCIHDCIGIKCHKSHVPPRMADTGVFQEIHT,Predicted,unreviewed,1.0,True,Thionins
A0ABD3DDP6,A0ABD3DDP6_9LAMI,Plant thionin family protein,CASFOL_014689,Castilleja foliolosa,83,MRASRMGLSITMMMGLILFFADLGVTENNQNGGGIEEPIDYAYCVLECMKLCPGPDKLVCLPDCSNKCKKHSQPIGPDDSPTA,Predicted,unreviewed,1.0,True,Thionins
A0ABQ7AX34,A0ABQ7AX34_BRACR,Plant thionin family protein,DY000_02060517,Brassica cretica (Mustard),93,MTQTLKKTCIIFMIVAICTVMFSAQNCLSTNVEKCFKHCIPNQCMKVAKKEDMTICEEACKKFCNKHVPSHQEYAVPSTGGGFICTFFWNCVS,Predicted,unreviewed,1.0,True,Thionins
A0ABQ7EK58,A0ABQ7EK58_BRACR,Plant thionin family protein,DY000_02023003,Brassica cretica (Mustard),80,MGAKWNSMIAIVFVVAMIMAMENISGETLPQCREDCIQGCATTGALPYQCLQSCYRGCRGLPPAIKGNVFNGFFEQKEKQ,Predicted,unreviewed,1.0,True,Thionins
A0ABQ7F094,A0ABQ7F094_BRACR,Plant thionin family protein,DY000_02050843,Brassica cretica (Mustard),96,MKTQILKKVCTIFMIVAMCIMMLSAQISNVEKCVKHCILNQCMKVSGNPDPTTCEVDCKTFCNKQLTSHEEYIVPRPNGLLVTIMDYVCKKLNTCS,Predicted,unreviewed,1.0,True,Thionins
A0ABQ7Y296,A0ABQ7Y296_BRANA,Plant thionin family protein,HID58_079517,Brassica napus (Rape),78,MEKKCISMLMIMFIALTMMPLQAMSESYEACYDRCISSCQIFFEGVEKCIHDCVGTKCHKTHVLPRMVAKGMFQEIHT,Predicted,unreviewed,1.0,True,Thionins
A0ABQ8C1J2,A0ABQ8C1J2_BRANA,Plant thionin family protein,HID58_034257,Brassica napus (Rape),73,MFSAQNCLSTNVEKCVKHCIPNQCMKVAKQADMSICEKACKKLCNKHVTSHEQYAVPTTGGGFMCTHFWNCVS,Predicted,unreviewed,1.0,True,Thionins
A0ABQ8C1S2,A0ABQ8C1S2_BRANA,Plant thionin family protein,HID58_034259,Brassica napus (Rape),72,MFSAQNCLSTNVEKCVKHCIPNQCMKVAKQADMSICEEACKKLCNKHVTSHEQYAVPTTGGGFMCTHVWNFV,Predicted,unreviewed,1.0,True,Thionins
A0ABQ8C769,A0ABQ8C769_BRANA,Plant thionin family protein,HID58_036253,Brassica napus (Rape),83,MAKWSAIVLIMMTVIAIAVTAEAKYDINVWLKCFRKCSQPCKPHDGDCFERCKIQCGGPNPPHGFPRTLHGMTFAEVREKKER,Predicted,unreviewed,1.0,True,Thionins
D7KKX1,D7KKX1_ARALL,Plant thionin family protein,ARALYDRAFT_889678,Arabidopsis lyrata subsp. lyrata (Lyre-leaved rock-cress),95,MAAQSLKKTCNLLIVTALITMMFSAQISHSNNVDMCIKHCVSNQCLKEVKNATPTMCEDACKKLCNDLQNGKEKYIVPTKSRFCRWFPNLCGAIN,Predicted,unreviewed,1.0,True,Thionins
D7LGV2,D7LGV2_ARALL,Plant thionin family protein,ARALYDRAFT_901620,Arabidopsis lyrata subsp. lyrata (Lyre-leaved rock-cress),91,MATQTMKKIYSVLMIVVLFTMMVSTYASTVEVCVKHCVPNQCMKVSKKATILLCENACKKLCNQNEFAHEKYYTTPPGDLCEVFFGLLCNN,Predicted,unreviewed,1.0,True,Thionins
R0IE05,R0IE05_9BRAS,Plant thionin family protein,CARUB_v10010966mg,Capsella rubella,77,MKMKNCIVVMMVLAVAMVTMVEEVEGTACMSRCLFLCGFFFQHPVSCEDKCNRKCHPYDQSQSPSQMETIGMRNIKS,Predicted,unreviewed,1.0,True,Thionins
S8C7S1,S8C7S1_9LAMI,Thionin-like protein 2,M569_11967,Genlisea aurea,97,SSFSAFRDCYTKCFIFCIILPSQTLCSCTTNCLKDCIFPDEEGNASGKKQQPDSLAFCKIGCAFTACSRFSSERNPNGDKVDDCVGTCSQNCNKSFS,Predicted,unreviewed,1.0,True,Thionins
V4KTK2,V4KTK2_EUTSA,Plant thionin family protein,EUTSA_v10009544mg,Eutrema salsugineum (Saltwater cress) (Sisymbrium salsugineum),83,MATQTMKKTCSILMIVAIFMMMFSAQISHSMNVEMCVKHCIPNQCMKLLKKPDPTVCAEACKKLCNKQQTEGEDYLVPAREGM,Predicted,unreviewed,1.0,True,Thionins
V4LTU3,V4LTU3_EUTSA,Plant thionin family protein,EUTSA_v10028013mg,Eutrema salsugineum (Saltwater cress) (Sisymbrium salsugineum),75,MAKKLSMMLIMMMIITMIVTGGEAKSEVECSVICRPHCQSSSSAGECSDCHKNCNQSPPFVRTKILKNQNNYNKI,Predicted,unreviewed,1.0,True,Thionins
V4LZU9,V4LZU9_EUTSA,Plant thionin family protein,EUTSA_v10027078mg,Eutrema salsugineum (Saltwater cress) (Sisymbrium salsugineum),96,MAAQVSKKFCSVLMIVILFTIMFSVQASDSSKRAVCIRDCITNQCMKASKKVTPKTCRTPCKIICGGRMGTFHYKNIRGYHDPVTRFCRMFRWICT,Predicted,unreviewed,1.0,True,Thionins
V4M4N3,V4M4N3_EUTSA,Plant thionin family protein,EUTSA_v10028125mg,Eutrema salsugineum (Saltwater cress) (Sisymbrium salsugineum),75,MAKKLSMMLIMMMIITMIVIGGEAKSEVECSVICSPHCQSSSSAGECSDCHKNCNQSPPSVRTKILKNRNTYKKI,Predicted,unreviewed,1.0,True,Thionins
A0A2G3A796,A0A2G3A796_CAPAN,Plant thionin family protein,T459_05217,Capsicum annuum (Capsicum pepper),86,MEKKKMMTVAAMAMTLMMLLSANMDTVGIAAQGVNCYDSCNTGCVGIPPKKYQACDKKCHKRCGDEVFSRTKKLVIESIHYPQVQG,Predicted,unreviewed,1.0,True,Thionins
A0A314UDD9,A0A314UDD9_PRUYE,Thionin-like protein 2,Pyn_13242,Prunus yedoensis var. nudiflora,70,MSTVKKMAVALLVLCAVFSCMEKVVDSVGVDCYDACNTGCVQSNTRLYLRCDRKCRIRCGPDSEVEGNLE,Predicted,unreviewed,1.0,True,Thionins
A0A4D6LHN5,A0A4D6LHN5_VIGUN,Thionin-like protein 2,DEO72_LG3g2691,Vigna unguiculata (Cowpea),92,MKSNRVAVLMLIMLGFVQILKIGAIPCPAKCAIQCLNSPLTYPYCYVTCLALCGSLPKCAKSCGINKSITIYIDAAGKVTNVVDSCLHKCLK,Predicted,unreviewed,1.0,True,Thionins
A0A5N5FBU8,A0A5N5FBU8_9ROSA,Plant thionin family protein,D8674_031434,Pyrus ussuriensis x Pyrus communis,85,MHYLTKMANTKTNKIPAIVICLLVVMVCSYSMKGSEALSDCAKPCMPVCLKEEGANIPICEIACENYCKQVSGNGGWIWNNKHNL,Predicted,unreviewed,1.0,True,Thionins
A0A7J7C5S8,A0A7J7C5S8_TRIWF,Plant thionin family protein,HS088_TW21G01661,Tripterygium wilfordii (Thunder God vine),93,MGVKRNSNVFGFVIAFVVLVSLYGNVGEAISDCAKQCMPTCMREDGATLDACDVACEKYCEQTIGNAGGDDTGWNWTIWRVLAIREVEKIYES,Predicted,unreviewed,1.0,True,Thionins
A0A7J8X9K1,A0A7J8X9K1_GOSAI,Thionin-like protein 2,Goari_025560,Gossypium aridum (American cotton) (Erioxylum aridum),99,MEKSRVSVVVMICLVVGVLLIEPTAADFNAIVFGLCYGPCYVLCRIRPGTSNIICALKCLTSCIIKKSNTVGTVGDTQSFCHLGCASAICSNLSSDNDP,Predicted,unreviewed,1.0,True,Thionins
A0A822Y6U9,A0A822Y6U9_NELNU,Thionin-like protein 2,HUJ06_028223,Nelumbo nucifera (Sacred lotus),78,MATSSNKVFAVCFISALFMMASFQMSEAISECAQQCVPFCMKDAGNTVPACEVACENYCKQSDGDVAAVNALMQSKSN,Predicted,unreviewed,1.0,True,Thionins
A0A8D9G276,A0A8D9G276_BRACM,Thionin-like protein,BRAPAZ1V2_A09P50690.2,Brassica campestris (Field mustard),75,MMKKQVTIVAALLIIMAFSFNLDMVAEAQLGPGDCYDGCSTGCVQRDSRKMARCDRKCSIRCGPAESDHTMWPAA,Predicted,unreviewed,1.0,True,Thionins
A0A8J4QT77,A0A8J4QT77_9ROSI,Thionin-like protein 2,CMV_017047,Castanea mollissima (Chinese chestnut),97,MAVQLKESTASFKSCYQGCFILCIITPNQSAISCPFKCLIDCIKPSFPVDFTHRDNDYFCKLGCASSLCTNFSTKEFPSEEKVDSCVDSCSQSCTKS,Predicted,unreviewed,1.0,True,Thionins
A0A8K0I9T7,A0A8K0I9T7_COCNU,Plant thionin family protein,COCNU_06G001970,Cocos nucifera (Coconut palm),89,MACNNVAPVLFLSLLLVLSTLERIEAGQSCYCECMKKCIPLGMMTIEACRRECDEACRQAGFAGKPPEGLAFCKKLATRRHRSVYGTLH,Predicted,unreviewed,1.0,True,Thionins
A0A8S9JC66,A0A8S9JC66_BRACR,Plant thionin family protein,DY000_02006878,Brassica cretica (Mustard),67,MTKWNVVMVVMIVMVAAMGGEAKQIRQRTWIGCFRYCSRNCSDTDGNCYEGCKIRCGGPTPTQANSR,Predicted,unreviewed,1.0,True,Thionins
A0A8T1Z1I5,A0A8T1Z1I5_9BRAS,Plant thionin family protein,ISN45_Aa06g026160,Arabidopsis thaliana x Arabidopsis arenosa,91,MAANMWKMMMMVALIMIGCGLQACNGMNVGKSNPTMFKGFACFRRCSIICSVNQNQNQNKNRCYKKCLKKCGLVWVSKPKSASSSSPPPTS,Predicted,unreviewed,1.0,True,Thionins
A0A8T2BQS1,A0A8T2BQS1_ARASU,Plant thionin family protein,ISN44_As07g006770,Arabidopsis suecica (Swedish thale-cress) (Cardaminopsis suecica),91,MATQAMKKIYSILMIVVLFTMMVSTYANTVEVCVKHCVPNQCMKVSKKATIPLCENACKKLCNQNKFSDEKFYVMPPGDLCEGFFGLLCNN,Predicted,unreviewed,1.0,True,Thionins
A0A8T2C711,A0A8T2C711_9BRAS,Plant thionin family protein,ISN45_Aa01g038010,Arabidopsis thaliana x Arabidopsis arenosa,82,MSIKKCVVLMVVVLVVMVAMVEEVEGLSTPYGRCMDICMTKCNFFFTHPEKYCREKCNSKCHRVHPSQSSQVETIGVRNING,Predicted,unreviewed,1.0,True,Thionins
A0A8T2CPJ6,A0A8T2CPJ6_ARASU,Plant thionin family protein,ISN44_As06g030440,Arabidopsis suecica (Swedish thale-cress) (Cardaminopsis suecica),66,MGAKLKSMILLMFVVTMVIAMENVNGETKAQCQDHCIQGCATTGARPNMCLQSCYRRCQGKPGRAL,Predicted,unreviewed,1.0,True,Thionins
A0A8T2D9F9,A0A8T2D9F9_9BRAS,Plant thionin family protein,ISN45_At05g059250,Arabidopsis thaliana x Arabidopsis arenosa,81,MDKKWSVMMMMFVLVVMAAIGGEAASHSCTLKCELTCSDWEFKTPCFKQCMAACEHHPFTRTLSSIKSTVADTKPMEEMRG,Predicted,unreviewed,1.0,True,Thionins
A0A8T2FZQ3,A0A8T2FZQ3_ARASU,Plant thionin family protein,ISN44_As02g014770,Arabidopsis suecica (Swedish thale-cress) (Cardaminopsis suecica),82,MAKWSAILVILMVVIAALAVEAKWSEKDFIQCFRKCSKNCKKHDGDCFEKCKIKCGGPNPPHSSSRRSSHGMDYVEVRGSRK,Predicted,unreviewed,1.0,True,Thionins
A0A8T2H7X1,A0A8T2H7X1_ARASU,Plant thionin family protein,ISN44_As01g033950,Arabidopsis suecica (Swedish thale-cress) (Cardaminopsis suecica),92,MGIQTRSVLIIVAILTMMFSAHIAQSNSITMCVKHCAQNECLKAAKKPTPEICDEACKKICNNQLFGDEKWFVPAPKGSSRICRWAPKYCQF,Predicted,unreviewed,1.0,True,Thionins
A0A8X7UYD8,A0A8X7UYD8_BRACI,Plant thionin family protein,Bca52824_042036,Brassica carinata (Ethiopian mustard) (Abyssinian cabbage),69,MEKKCISMFFVMIVMALTMKPLTAVGEPYDACVRRCISSCEIFYREVDKCIHDCIGIKCHKSNVLPRYV,Predicted,unreviewed,1.0,True,Thionins
A0AA41SNW2,A0AA41SNW2_PAPNU,Plant thionin family protein,MKW94_023933,Papaver nudicaule (Iceland poppy),88,MEKSGKCLMRMITVVLLIVGMFVVQISASASPNDQSIGQLLDCIKPCLVECIKPDPDSQQLTNICVRKCLPPCLKAPLQNSHRKILAN,Predicted,unreviewed,1.0,True,Thionins
A0AA41VWS3,A0AA41VWS3_PAPNU,Plant thionin family protein,MKW94_025073,Papaver nudicaule (Iceland poppy),82,MKGSGKSLMRMFVVVLLIVGVFVGRISASPESDFQACFDPCYYKCRQPNPKSPGLIKGCTSMCENTCRRKPPLHSHPKSLAN,Predicted,unreviewed,1.0,True,Thionins
A0AAE0EMZ7,A0AAE0EMZ7_9ROSI,Plant thionin family protein,Dsin_004346,Dipteronia sinensis,89,MSKTIAMLLIIALVVMPVSMTNADDSPCMQKCLPTCRQQLPKAPSEQCQIACDKYCHGGEGDEDIAAADSVGHAHDFEKYIGPDGIVRN,Predicted,unreviewed,1.0,True,Thionins
A0AAN8TZ38,A0AAN8TZ38_SOLBU,Plant thionin family protein,RDI58_004606,Solanum bulbocastanum (Ornamental nightshade),74,MNFTKMLVALFFIVIFVANVEGIGEVKMTCKEHCKLVCHLNPDCMEECMQECDHGSISTKKVQLNVAPNVLKTN,Predicted,unreviewed,1.0,True,Thionins
A0AAU9RIG4,A0AAU9RIG4_THLAR,Plant thionin family protein,TAV2_LOCUS7664,Thlaspi arvense (Field penny-cress),80,MDNKSRVAVMMFVLVVMAATGGEAINHFCSFQCSMTCHDIEFTTPCYKQCMIACDHRPLATFHSTSHSQMMKTRETNKMR,Predicted,unreviewed,1.0,True,Thionins
A0AAU9SMC4,A0AAU9SMC4_THLAR,Plant thionin family protein,TAV2_LOCUS15492,Thlaspi arvense (Field penny-cress),72,MGKVISMVWIMMVLAVIVIGGEAKTEIECSVICRSHCSRASPASECAACHQKCYQSPPATVRASNRHVIGSD,Predicted,unreviewed,1.0,True,Thionins
A0ABC8JEP6,A0ABC8JEP6_ERUVS,Plant thionin family protein,ERUC_LOCUS9679,Eruca vesicaria subsp. sativa (Garden rocket) (Eruca sativa),79,MGVMKIIVATMMMMILLVGTIRETKATTAAYAACVKRCNKQCAPKPGDRNCVPNCIFFNCGPPLPRNVRHAKVKGEGST,Predicted,unreviewed,1.0,True,Thionins
A0ABC8KYL6,A0ABC8KYL6_ERUVS,Plant thionin family protein,ERUC_LOCUS27174,Eruca vesicaria subsp. sativa (Garden rocket) (Eruca sativa),73,MEKKCMCMLMIMIIALTMIPLPAMTESYEACYDRCSSSCQNFSVDVKIKCIKDCVTNCHKSHVLPRHVDMDRG,Predicted,unreviewed,1.0,True,Thionins
A0ABC8KYS5,A0ABC8KYS5_ERUVS,Plant thionin family protein,ERUC_LOCUS29674,Eruca vesicaria subsp. sativa (Garden rocket) (Eruca sativa),100,MEMKRMIVFTVMMLTIGNLLVESEVINRRWGDCFKICYNVCISSAIRNVLSCFPKCEAQCGHQYEIDVSAQDPSKAEKEIGVKKTKDCVNSYSDICDKKD,Predicted,unreviewed,1.0,True,Thionins
A0ABQ7Z5V7,A0ABQ7Z5V7_BRANA,Plant thionin family protein,HID58_072888,Brassica napus (Rape),62,MVVFMVMMLTIGNLIVESEVINRRWGECIKMCVNICVTGPIDDRLGCLPKCARECGPRKFWQ,Predicted,unreviewed,1.0,True,Thionins
A0ABQ8AU61,A0ABQ8AU61_BRANA,Plant thionin family protein,HID58_045639,Brassica napus (Rape),76,MEMKKMVIFMVMMLTIGNLTAESEVLVGRWGDCIKTCYNICITGPIHDRISCLPKCALECNPHKEIDVKKAKGYVN,Predicted,unreviewed,1.0,True,Thionins
D7KGH8,D7KGH8_ARALL,Plant thionin family protein,ARALYDRAFT_680877,Arabidopsis lyrata subsp. lyrata (Lyre-leaved rock-cress),69,MGAKLNSMILLMFVVTMVIAMENVNGETKAQCQDNCILGCATTGARPNMCLQSCYRRCQGKPGRALEFK,Predicted,unreviewed,1.0,True,Thionins
D7KKV9,D7KKV9_ARALL,Plant thionin family protein,ARALYDRAFT_889665,Arabidopsis lyrata subsp. lyrata (Lyre-leaved rock-cress),95,MVAQSLRKICGVLTIIALFTMMFSAQFSHSDTMDKCVKKCVPNQCMKVVKNGTPVICEEMCKKYCLEGPVKVDYIVPPGDNTYLRRFCRYFGLIC,Predicted,unreviewed,1.0,True,Thionins
D7KYA2,D7KYA2_ARALL,Plant thionin family protein,ARALYDRAFT_893698,Arabidopsis lyrata subsp. lyrata (Lyre-leaved rock-cress),91,MATQAMKKIYSILMIVVLFTMMVSTYANTVEVCVKHCVPNQCMKVSKKATIPLCENACKKLCNQNKFSDEKFYAMPPGDLCEGFFGLLCNN,Predicted,unreviewed,1.0,True,Thionins
D7KYA8,D7KYA8_ARALL,Plant thionin family protein,ARALYDRAFT_893704,Arabidopsis lyrata subsp. lyrata (Lyre-leaved rock-cress),91,MAAQTMKKICSVLMIVVLFTMMVSTYANLVEVCVKHCVPNQCMKVSNNATLPLCETACRKLCNEDNHSHEKYIAPRSYCDGFFWFLCMKQT,Predicted,unreviewed,1.0,True,Thionins
D7MPB8,D7MPB8_ARALL,Plant thionin family protein,ARALYDRAFT_494685,Arabidopsis lyrata subsp. lyrata (Lyre-leaved rock-cress),74,MGAKLNLMILIVFVVTMVIAMENVNGETKAQCQEDCIQGCATTGSLPSKCLQICYRGCRGKPGRALGNHFSNYR,Predicted,unreviewed,1.0,True,Thionins
R0GLC4,R0GLC4_9BRAS,Plant thionin family protein,CARUB_v10011697mg,Capsella rubella,99,MASQALKKTCNVLMVVAILTMMFSADIAHSRDVGMCVKHCLYQCSKSAKKPTPTHCEETCKKDCNKQAISKEKVIFPPGEGDGGINKFCQNFPKACNWF,Predicted,unreviewed,1.0,True,Thionins
R0I3V9,R0I3V9_9BRAS,Plant thionin family protein,CARUB_v10015947mg,Capsella rubella,80,MAKWSAIVLIMMVMIVVVTVEAKWSKKDWIRCFRKCSKHCDAHDGNCFERCKIKCGGPNPPHSLSRYYFLYSFLQLYKLI,Predicted,unreviewed,1.0,True,Thionins
R0IH80,R0IH80_9BRAS,Plant thionin family protein,CARUB_v10012546mg,Capsella rubella,91,MEGQSLKNVLMITALLTMMFSAQMAHSSDVDMCIKHCVSRQCPKEVKKATPAMCEVGCKKLCNEKQFDHEQYVKPGGWICKTWPSVCVFDF,Predicted,unreviewed,1.0,True,Thionins
V4M7S6,V4M7S6_EUTSA,Plant thionin family protein,EUTSA_v10022969mg,Eutrema salsugineum (Saltwater cress) (Sisymbrium salsugineum),93,MVAQVSKNFCSVLVIVILFTIAQVSHSNTIDVCIKDCVANLCMKASKKATQAMCDNPCKIICDPINGGQYIVPGKGYQDPVKRFCKTFSWICE,Predicted,unreviewed,1.0,True,Thionins
A0A3P5YIZ6,A0A3P5YIZ6_BRACM,Plant thionin family protein,BRAPAZ1V2_A06P34190.2,Brassica campestris (Field mustard),76,MGMMKIIMVTMMMTLLVGTIRETKATSAGYAACVKHCNDLCSPKVGDRNCVPNCIFFTCGPPLPKNIRHPKVNIPL,Predicted,unreviewed,1.0,True,Thionins
A0A8D9CZR3,A0A8D9CZR3_BRACM,Plant thionin family protein,BRAPAZ1V2_A09P46400.2,Brassica campestris (Field mustard),92,MAAKYNSVIVIVFMVVMMIMAMEKVDGETSAECRDRCSQSCAMTGALPAKCLQSCYSRCQGLPSHTIGNYFFMFILTKKIRQIFFKKMPKQM,Predicted,unreviewed,1.0,True,Thionins
Q41521,Q41521_WHEAT,Triticum aestivum sulfur-rich/thionin-like protein,,Triticum aestivum (Wheat),95,MASGAQMKMVAVGMMLAIMFIAAAHAEPAPAETCIDKTEKVGLATDCICSKNCACAGKCILEGGEGGEIQKCFVECVLKNDCNCNAKHHSAAAPQ,Evidence at transcript level,unreviewed,1.0,False,Thionins
A0A3P5YLT9,A0A3P5YLT9_BRACM,Plant thionin family protein,BRAPAZ1V2_A06P44640.2,Brassica campestris (Field mustard),82,MTTQTCKKSFIIFMIVAICTVMFSAQICVSTNGEKCIKHCISNQCMKVAKKADMTICEEACKKFCNKHVTSHEEYAVPVTDG,Predicted,unreviewed,1.0,True,Thionins
A0A3P5ZB09,A0A3P5ZB09_BRACM,Plant thionin family protein,BRAPAZ1V2_A01P26440.2,Brassica campestris (Field mustard),85,MHIRKSLRNMNMKKCILLMMMVSIIILTMERKVEGTACMTKCLFLCGLFFQHPVACEDKCELKCHPPLSSQSSQMETIGMRNIRG,Predicted,unreviewed,1.0,True,Thionins
A0A8D9DI93,A0A8D9DI93_BRACM,Plant thionin family protein,BRAPAZ1V2_A05P43280.2,Brassica campestris (Field mustard),64,MIVAICIMMFSAQISLSTDVEKCVKHCILNQCTKVSIKPDPTTCEIDCKTFCNKQLTSHEEYIV,Predicted,unreviewed,1.0,True,Thionins
D6BQN6,D6BQN6_JATCU,Gamma-thionin PPT defensin 1-like protein,,Jatropha curcas (Barbados nut),92,MKCPMRLFSTLLLLLLLLLATETGPMVAEARTCESLSHRFKGICVRNSNCAAICQTEGFQGGHCRGLRRRCFCTMYCNNHHSHPRDQNLKHI,Evidence at transcript level,unreviewed,1.0,False,Thionins
A0A398A323,A0A398A323_BRACM,Plant thionin family protein,BRAPAZ1V2_A03P45760.2,Brassica campestris (Field mustard),96,MAAQVLNKTYRAFMILTLFTMICSIQVSDSMPRDVCIKDCVINQCMKASKKATPAICDNPCKIICDPMNNERYVTPSQGYRNPVKRFCETFTWICQ,Predicted,unreviewed,1.0,True,Thionins
A0A8D9GMA5,A0A8D9GMA5_BRACM,Plant thionin family protein,BRAPAZ1V2_A03P45750.2,Brassica campestris (Field mustard),96,MAAQVLNKTYRAFMILTLFTMICSIQVSDSMPRDVCIKDCIINQCMKASKKATPAICDNPCKIICDPMNNERYVTPSQGYRNPVKRFCETFTWICQ,Predicted,unreviewed,1.0,True,Thionins
A0ABD0ZUG9,A0ABD0ZUG9_CARAN,Thionin-like protein,V5N11_025441 V5N11_026927,Cardamine amara subsp. amara,74,MMKKQVTIVAALLILMALSSNLDMVAKAQLGPGDCYDGCSTACVQRDPRKTSRCDQKCSIRCGPDAEKARETGV,Predicted,unreviewed,1.0,True,Thionins
A0A3P6BJI9,A0A3P6BJI9_BRACM,Plant thionin family protein,BRAPAZ1V2_A07P47100.2,Brassica campestris (Field mustard),61,MGKVICMVWIMMILAVLVIGGEAKSEIECSKICRPHCQRSSPASECAQLVVQNVTSCHRLQ,Predicted,unreviewed,1.0,True,Thionins
A0A8D9G0Q7,A0A8D9G0Q7_BRACM,Plant thionin family protein,BRAPAZ1V2_A09P43910.2,Brassica campestris (Field mustard),94,MTTQTIKKSYIIFMIVAIYTVMFSAQNCLSTNVEKCVKHCIPNQCMKVAKKADMSICEEACKKFCNKHVTSHEEYAVPITDGGFFCTHIWNCLS,Predicted,unreviewed,1.0,True,Thionins
A0A3P5ZJ14,A0A3P5ZJ14_BRACM,Plant thionin family protein,BRAPAZ1V2_A03P20520.2,Brassica campestris (Field mustard),78,MEKKCICMLMIMFIALTMMPLPAMSESYEACYDRCISSCQIFFEGVDKCIHDCVGIKCHKTHVLPRMAAKRIFQEIHT,Predicted,unreviewed,1.0,True,Thionins
A0A7J7MR69,A0A7J7MR69_9MAGN,Thionin-like protein,GIB67_000788 GIB67_029891,Kingdonia uniflora,68,MKKITCALMLVLLLVSFQMNTVESAASDCLDACQTGCAVSYIRDPKRMSRCDRKCTIKCKPGRNSLNP,Predicted,unreviewed,1.0,True,Thionins
A0A8D9CKW7,A0A8D9CKW7_BRACM,Plant thionin family protein,BRAPAZ1V2_A09P08440.2,Brassica campestris (Field mustard),100,MEKKLSVAMMVFVLVVMVATGGEAVDHICTFKCEITCRDPEFKTECFRKCMADCTHKPTNTFHSTKPYSCTSVCVCVCVYVIVKDEDWRDGRNERMKILS,Predicted,unreviewed,1.0,True,Thionins
A0ABQ8C1I6,A0ABQ8C1I6_BRANA,Plant thionin family protein,HID58_034258 HID58_034260,Brassica napus (Rape),72,MFSAQNCLSTNVEKCVKHCIPNQCMKVAKQADMSICEEACKKLCNKHVTSHEQYTVPTTGGGFMCTHVWNCV,Predicted,unreviewed,1.0,True,Thionins
A0A4Y7K5N0,A0A4Y7K5N0_PAPSO,Plant thionin family protein,C5167_031473 C5167_031474,Papaver somniferum (Opium poppy),85,MMEGNCKSHLRMIVVVFSILGMVLGQVAASRETDFQACFEPCFLPCVKPNPGDIYLSKKCMDKCTKLCNKKSLPDNHRKILAKKN,Predicted,unreviewed,1.0,True,Thionins
A0ABC8L355,A0ABC8L355_ERUVS,Plant thionin family protein,ERUC_LOCUS31714 ERUC_LOCUS31733,Eruca vesicaria subsp. sativa (Garden rocket) (Eruca sativa),77,MAKWSALIVVMLMVVTVMVVTAESDKATGFIRCFRKCYETEVCEDNDGNCFERCKIKCGGPNPPHGPGGPLSPPHSF,Predicted,unreviewed,1.0,True,Thionins
A0ABQ7LJI7,A0ABQ7LJI7_BRACM,Thionin-like protein,A09p050590.1_BraROA IGI04_036871,Brassica rapa subsp. trilocularis,74,MMKKQVTIVAALLIIMAFSFNLDMVAEAQLGPGDCYDGCSTGCVQRDSRKMARCDRKCSIRCGPDAKKARKTGA,Predicted,unreviewed,1.0,True,Thionins
A0ABQ7N2I6,A0ABQ7N2I6_BRACM,Plant thionin family protein,A03p032060.1_BraROA IGI04_011258,Brassica rapa subsp. trilocularis,77,MNMKKCILLMMMVSIIIVTMERKVEGNACMDKCLFLCGFFFQDPVACPDECELKCHPPSLSPQSSQMETIGMRKIRG,Predicted,unreviewed,1.0,True,Thionins
A0ABQ7L789,A0ABQ7L789_BRACM,Plant thionin family protein,A09p008830.1_BraROA IGI04_033592,Brassica rapa subsp. trilocularis,80,MEKKLSVAMMVFVLVVMVATGGEAVDHICTFKCEITCRDPEFKTECFRKCMADCTHKPTNTFHSTKPYSMKTGEMEEMRG,Predicted,unreviewed,1.0,True,Thionins
A0ABQ7NJX8,A0ABQ7NJX8_BRACM,Plant thionin family protein,A02g504120.1_BraROA IGI04_006373,Brassica rapa subsp. trilocularis,77,MGKVMSMVWIMMILAVVIVIEGEAKSEIECSKICRDHCKRSSPASECAACRTECYKSPPVAMRGRNRRMVPEVHIQQ,Predicted,unreviewed,1.0,True,Thionins
A0A8D9G0W5,A0A8D9G0W5_BRACM,Plant thionin family protein,BRAPAZ1V2_A09P43920.2 BRAPAZ1V2_A09P43930.2,Brassica campestris (Field mustard),82,MTTQTIKKSYIIFMIVAIYTVMFSAQNCLSTNVEKCVKHCIPNQCMKVAKKADMSICEEACKKFCNKHVTSHEEYAVPITDG,Predicted,unreviewed,1.0,True,Thionins
A0A8D9I2Z8,A0A8D9I2Z8_BRACM,Plant thionin family protein,BRAPAZ1V2_A10P14360.2 BRAPAZ1V2_A10P14370.2,Brassica campestris (Field mustard),78,MEKKCMCMLMIMFVALTMIPLPAMSESYEACHERCIHSCQIFFEGVEKCIHDCVGIKCHKTHVLPRIAAKEIFQEIHT,Predicted,unreviewed,1.0,True,Thionins
A0A8D9GAW5,A0A8D9GAW5_BRACM,Plant thionin family protein,BRAPAZ1V2_A05P21270.2 BRAPAZ1V2_A05P21290.2,Brassica campestris (Field mustard),99,MKTQILKNSSTIFMIVAIYIMMISAQISLSTNVEKCVKHCILNQCMKVSGKPDPATCEVDCKTFCNKQLTSHEEYIVSKPNGVVETFRNYMCRKFNKCF,Predicted,unreviewed,1.0,True,Thionins
A0A8D9CV51,A0A8D9CV51_BRACM,Plant thionin family protein,BRAPAZ1V2_A09P43880.2 BRAPAZ1V2_A09P43950.2,Brassica campestris (Field mustard),82,MTTQTFKKSCIIFMIVAIYTVMFSAQNCLSTNVEKCVKHCIPNQCMKVAKKADMSICEEACKKFCNKHVTSHEEYAVPITDG,Predicted,unreviewed,1.0,True,Thionins
A0A1Q3D7V6,A0A1Q3D7V6_CEPFO,Gamma-thionin domain-containing protein,CFOL_v3_30540 CFOL_v3_31937 CFOL_v3_31938,Cephalotus follicularis (Albany pitcher plant),74,MERKFLGCFWLLLVLLASHEELVPTEARVCESQSHKFHGTCASDHNCGLVCKDEGFSGGKCRGFRRRCFCTKTC,Predicted,unreviewed,1.0,True,Thionins
A0A251V7U0,A0A251V7U0_HELAN,"Defensin, plant, knottin, scorpion toxin-like superfamily (Putative gamma-thionin)",HannXRQ_Chr03g0074221 HanXRQr2_Chr03g0109571,Helianthus annuus (Common sunflower),94,MSYIFLLLKLIYLVMMLVMKVYDLISIKLKTIAGMVVTTKKDTNKVCERRSKTWSGYCGDSKHCDQQCREWEGAAHGACHRQGVGRACFCYFNC,Predicted,unreviewed,1.0,True,Thionins
A0A251V4Z6,A0A251V4Z6_HELAN,"Defensin, plant, knottin, scorpion toxin-like superfamily (Putative gamma-thionin)",HannXRQ_Chr03g0065171 HanXRQr2_Chr03g0103721,Helianthus annuus (Common sunflower),59,MNLETRVPVAEARMCQSQSHMFHGTCMRNHNCALVCRNEGFSGGRCRGFRRRCFCTRLC,Predicted,unreviewed,1.0,True,Thionins
A0A251VHS8,A0A251VHS8_HELAN,"Defensin, plant, knottin, scorpion toxin-like superfamily (Putative gamma-thionin)",HannXRQ_Chr02g0051881 HanXRQr2_Chr02g0077621,Helianthus annuus (Common sunflower),64,MYVCARAVEKETMVVEGRICESQSHGFKGMCMSNHNCGLVCINEGFSGGICRGVRGRCFCTKAC,Predicted,unreviewed,1.0,True,Thionins
A0A8D9DLE1,A0A8D9DLE1_BRACM,Plant thionin family protein,BRAPAZ1V2_A05P43240.2 BRAPAZ1V2_A05P43250.2 BRAPAZ1V2_A05P43260.2 BRAPAZ1V2_A05P43270.2,Brassica campestris (Field mustard),65,MIVAICIMMFSAQISLSTDVEKCVKHCILNQCMKVSIKPDPTTCEIDCKTFCNKQLTSHEEYIVP,Predicted,unreviewed,1.0,True,Thionins
A0A251V6W4,A0A251V6W4_HELAN,"Defensin, plant, knottin, scorpion toxin-like superfamily (Putative gamma-thionin)",HannXRQ_Chr03g0074231 HannXRQ_Chr03g0074241 HanXRQr2_Chr03g0109551 HanXRQr2_Chr03g0109561,Helianthus annuus (Common sunflower),94,MSYIFLLLKLIYLVMMLVMKVYDLISIKLKTIAGMVVTAKKDTNKVCERRSKTWSGYCGDSKHCDQQCREWEGAAHGACHRQGVGRACFCYFNC,Predicted,unreviewed,1.0,True,Thionins
A0A103P428,A0A103P428_CYNCS,Gamma Purothionin,Ccrd_026508,Cynara cardunculus var. scolymus (Globe artichoke) (Cynara scolymus),80,MLEVKKMRPSMKLFATVLLLVMRLMANEMVVEGRTCESQSHKFKGTCVSDSNCGNVCKNEGFPGGKCRGFRRXCFCTKHC,Inferred from homology,unreviewed,1.0,False,Thionins
A0A103XBD3,A0A103XBD3_CYNCS,Gamma Purothionin,Ccrd_025129,Cynara cardunculus var. scolymus (Globe artichoke) (Cynara scolymus),77,MAPHMATKTIAMLLFTLLLLFTSSQLGAEARMCQSQSHKYHGACFHNHNCALVCRNEGFSGGICRGFRRRCFCTRLC,Predicted,unreviewed,1.0,True,Thionins
A0A2P5AGD9,A0A2P5AGD9_PARAD,Gamma Purothionin,PanWU01x14_335070,Parasponia andersonii (Sponia andersonii),77,MEKKVRFGGMVFFLLFILLASQEMVVPTEGRVCESKSHHYKRACLADHNCAMVCRTEGFTGGKCRGFRRRCFCTRRC,Predicted,unreviewed,1.0,True,Thionins
A0A2P5FLY1,A0A2P5FLY1_TREOI,Gamma Purothionin,TorRG33x02_054200,Trema orientale (Charcoal tree) (Celtis orientalis),54,MRSAEAKTCEVESGKYKGLCIKRNNCVEICQSDGYAYGKCSKILRRCICLKPCN,Predicted,unreviewed,1.0,True,Thionins
A0A2P5FLZ9,A0A2P5FLZ9_TREOI,Gamma Purothionin,TorRG33x02_054190,Trema orientale (Charcoal tree) (Celtis orientalis),60,MTDENAYRSVQARTCEVPSGKYRGLCINRNNCVEVCQSEGYGYGKCSKIRRRCICLNPCN,Predicted,unreviewed,1.0,True,Thionins
A0A4D6KVV2,A0A4D6KVV2_VIGUN,Gamma Purothionin,DEO72_LG2g2207 DEO72_LG2g2208,Vigna unguiculata (Cowpea),78,MARSVPLVSTIFVFLLLLVATEMGPTMVAEARTCESQSHRFKGPCVSDTNCASVCRTERFSGGHCRGFRRRCFCTKHC,Predicted,unreviewed,1.0,True,Thionins
A0A4D6NMJ9,A0A4D6NMJ9_VIGUN,Gamma Purothionin,DEO72_LG11g2071,Vigna unguiculata (Cowpea),73,MRKSCGFFFLLLLLVFASQVVVQTEGRVCESQSHGFKGACTGDHNCALVCRNEGFSGGNCRGFRRRCFCTKIC,Predicted,unreviewed,1.0,True,Thionins
A0A4D6NQV6,A0A4D6NQV6_VIGUN,Gamma Purothionin,DEO72_LG11g2062,Vigna unguiculata (Cowpea),73,MEKARLGFFFMLLILLASQMMVQTEGRHCESKSHRFKGMCVSHQNCASVCHVEGFTGGHCRGFRRRCFCTRHC,Predicted,unreviewed,1.0,True,Thionins
Q9S8M3,Q9S8M3_SOLTU,PSEUDOTHIONIN-ST1,,Solanum tuberosum (Potato),20,RNCESLSHRFKGPCTRDSNC,Evidence at protein level,unreviewed,1.0,False,Thionins
